word,set,lexicore_level,oxford_level,newest_share,recent_share
abandoned,lexicore_only,B2,,,
abdominal,lexicore_only,C1,,,
aboard,lexicore_only,C1,,,
abound,lexicore_only,C1,,,
abruptly,lexicore_only,B2,,,
absorption,lexicore_only,C1,,,
abstraction,lexicore_only,C1,,,
acceleration,lexicore_only,C1,,,
accidental,lexicore_only,B1,,,
accord,lexicore_only,A2,,,
accustomed,lexicore_only,C1,,,
acidic,lexicore_only,C1,,,
acoustic,lexicore_only,C1,,,
acoustics,lexicore_only,C1,,,
acutely,lexicore_only,C1,,,
adaptive,lexicore_only,C1,,,
addict,lexicore_only,B2,,,
addicted,lexicore_only,B2,,,
adjoining,lexicore_only,C1,,,
adjustable,lexicore_only,C1,,,
admiration,lexicore_only,B1,,,
adopted,lexicore_only,B2,,,
adrenaline,lexicore_only,C1,,,
advantageous,lexicore_only,C1,,,
adventurous,lexicore_only,B2,,,
adversary,lexicore_only,C1,,,
advertiser,lexicore_only,C1,,,
advisor,lexicore_only,B1,,,
advisory,lexicore_only,C1,,,
aerosol,lexicore_only,C1,,,
aesthetically,lexicore_only,C1,,,
affirm,lexicore_only,C1,,,
aggregate,lexicore_only,C1,,,
agreeable,lexicore_only,C1,,,
airplane,lexicore_only,A1,,,
aisle,lexicore_only,A2,,,
algorithm,lexicore_only,C1,,,
alleviate,lexicore_only,C1,,,
altar,lexicore_only,B2,,,
alternate,lexicore_only,B2,,,
altitude,lexicore_only,B2,,,
am,lexicore_only,A1,,,
amino,lexicore_only,C1,,,
amongst,lexicore_only,B2,,,
ample,lexicore_only,B2,,,
amplification,lexicore_only,C1,,,
amplitude,lexicore_only,C1,,,
amusement,lexicore_only,A2,,,
an,lexicore_only,A1,,,
analytic,lexicore_only,C1,,,
anchored,lexicore_only,C1,,,
annum,lexicore_only,C1,,,
anthropology,lexicore_only,C1,,,
anti,lexicore_only,B1,,,
antibiotic,lexicore_only,C1,,,
antibody,lexicore_only,C1,,,
anticipation,lexicore_only,B2,,,
antics,lexicore_only,C1,,,
antiquated,lexicore_only,C1,,,
antique,lexicore_only,B2,,,
antiquity,lexicore_only,C1,,,
antitrust,lexicore_only,C1,,,
appalling,lexicore_only,C1,,,
appendix,lexicore_only,C1,,,
appliance,lexicore_only,C1,,,
apprehensive,lexicore_only,C1,,,
apprentice,lexicore_only,C1,,,
apprenticeship,lexicore_only,C1,,,
approximate,lexicore_only,B2,,,
approximation,lexicore_only,C1,,,
apron,lexicore_only,A1,,,
apt,lexicore_only,C1,,,
aqua,lexicore_only,C1,,,
aquarium,lexicore_only,C1,,,
arbitration,lexicore_only,C1,,,
arch,lexicore_only,B2,,,
archaeology,lexicore_only,C1,,,
arctic,lexicore_only,B2,,,
are,lexicore_only,A1,,,
artifact,lexicore_only,C1,,,
artistically,lexicore_only,C1,,,
astray,lexicore_only,C1,,,
astronaut,lexicore_only,A2,,,
atmospheric,lexicore_only,C1,,,
atomic,lexicore_only,B1,,,
attached,lexicore_only,B2,,,
attributable,lexicore_only,C1,,,
audition,lexicore_only,B2,,,
auditor,lexicore_only,C1,,,
automate,lexicore_only,C1,,,
avenue,lexicore_only,B1,,,
aversion,lexicore_only,C1,,,
avid,lexicore_only,C1,,,
awake,lexicore_only,A1,,,
awe,lexicore_only,C1,,,
axiom,lexicore_only,C1,,,
axis,lexicore_only,B2,,,
backward,lexicore_only,B2,,,
backyard,lexicore_only,B2,,,
bacon,lexicore_only,B1,,,
bacterial,lexicore_only,C1,,,
baker,lexicore_only,B1,,,
balcony,lexicore_only,A2,,,
bald,lexicore_only,C1,,,
bang,lexicore_only,B1,,,
banker,lexicore_only,B2,,,
banking,lexicore_only,A2,,,
bankruptcy,lexicore_only,B2,,,
barbecue,lexicore_only,A2,,,
barber,lexicore_only,A2,,,
bark,lexicore_only,B1,,,
barn,lexicore_only,B2,,,
baseline,lexicore_only,C1,,,
batch,lexicore_only,A2,,,
batter,lexicore_only,C1,,,
battered,lexicore_only,C1,,,
beard,lexicore_only,B1,,,
bearded,lexicore_only,C1,,,
bearing,lexicore_only,B2,,,
beautifully,lexicore_only,B1,,,
been,lexicore_only,A2,,,
beforehand,lexicore_only,C1,,,
beginner,lexicore_only,A2,,,
behavior,lexicore_only,A2,,,
behavioral,lexicore_only,C1,,,
belly,lexicore_only,A2,,,
belongings,lexicore_only,B2,,,
benign,lexicore_only,C1,,,
berry,lexicore_only,B2,,,
bidding,lexicore_only,B2,,,
bilateral,lexicore_only,C1,,,
billiards,lexicore_only,C1,,,
binary,lexicore_only,C1,,,
biodiversity,lexicore_only,C1,,,
biologist,lexicore_only,C1,,,
biotechnology,lexicore_only,B2,,,
blaze,lexicore_only,B2,,,
blink,lexicore_only,B2,,,
bliss,lexicore_only,C1,,,
blister,lexicore_only,C1,,,
blockbuster,lexicore_only,C1,,,
bloom,lexicore_only,C1,,,
blooming,lexicore_only,B2,,,
blossom,lexicore_only,B2,,,
boiled,lexicore_only,A2,,,
boiling,lexicore_only,B2,,,
bolster,lexicore_only,C1,,,
bolt,lexicore_only,B2,,,
bookstore,lexicore_only,A1,,,
booth,lexicore_only,B2,,,
bore,lexicore_only,B1,,,
bouquet,lexicore_only,C1,,,
bourbon,lexicore_only,B2,,,
brake,lexicore_only,A2,,,
brass,lexicore_only,B1,,,
bravery,lexicore_only,B2,,,
breaking,lexicore_only,A1,,,
breeze,lexicore_only,A2,,,
bribe,lexicore_only,C1,,,
bribery,lexicore_only,C1,,,
brokerage,lexicore_only,C1,,,
bubbly,lexicore_only,C1,,,
bucket,lexicore_only,A1,,,
bulb,lexicore_only,A2,,,
bulky,lexicore_only,C1,,,
bull,lexicore_only,B1,,,
bump,lexicore_only,B1,,,
bureau,lexicore_only,B1,,,
bureaucratic,lexicore_only,C1,,,
burger,lexicore_only,A1,,,
burning,lexicore_only,B1,,,
butterfly,lexicore_only,A1,,,
buzz,lexicore_only,B2,,,
bypass,lexicore_only,C1,,,
cafeteria,lexicore_only,A2,,,
cage,lexicore_only,B1,,,
calendar,lexicore_only,A2,,,
calf,lexicore_only,C1,,,
calls,lexicore_only,A1,,,
calorie,lexicore_only,C1,,,
candid,lexicore_only,C1,,,
candy,lexicore_only,A1,,,
cane,lexicore_only,B2,,,
canned,lexicore_only,B1,,,
canoe,lexicore_only,C1,,,
capillary,lexicore_only,C1,,,
capitalize,lexicore_only,C1,,,
capsule,lexicore_only,B1,,,
captive,lexicore_only,B2,,,
caravan,lexicore_only,B2,,,
cardboard,lexicore_only,B2,,,
caring,lexicore_only,B2,,,
carnival,lexicore_only,B2,,,
carpenter,lexicore_only,C1,,,
carpentry,lexicore_only,C1,,,
carrier,lexicore_only,C1,,,
cars,lexicore_only,A1,,,
catastrophe,lexicore_only,B2,,,
cavity,lexicore_only,C1,,,
censor,lexicore_only,C1,,,
center,lexicore_only,A2,,,
cereal,lexicore_only,A2,,,
cessation,lexicore_only,C1,,,
changed,lexicore_only,A1,,,
chaotic,lexicore_only,B2,,,
characterization,lexicore_only,C1,,,
cheaply,lexicore_only,C1,,,
cherry,lexicore_only,B2,,,
chess,lexicore_only,A2,,,
chew,lexicore_only,B2,,,
chili,lexicore_only,A2,,,
chill,lexicore_only,C1,,,
chilly,lexicore_only,C1,,,
chimney,lexicore_only,B2,,,
chin,lexicore_only,A2,,,
chisel,lexicore_only,C1,,,
chloride,lexicore_only,C1,,,
christian,lexicore_only,B1,,,
chromosome,lexicore_only,C1,,,
churn,lexicore_only,C1,,,
circa,lexicore_only,C1,,,
citation,lexicore_only,C1,,,
clan,lexicore_only,C1,,,
classmate,lexicore_only,A1,,,
classy,lexicore_only,C1,,,
clay,lexicore_only,A1,,,
cleaner,lexicore_only,A2,,,
cleanly,lexicore_only,C1,,,
climax,lexicore_only,C1,,,
climbing,lexicore_only,A2,,,
cloak,lexicore_only,C1,,,
closeness,lexicore_only,C1,,,
cloudy,lexicore_only,A1,,,
clutch,lexicore_only,C1,,,
clutter,lexicore_only,C1,,,
coaching,lexicore_only,B2,,,
coarse,lexicore_only,B2,,,
coastline,lexicore_only,B2,,,
cocoa,lexicore_only,B2,,,
coconut,lexicore_only,B2,,,
coefficient,lexicore_only,C1,,,
coke,lexicore_only,A1,,,
cola,lexicore_only,A2,,,
collaborations,lexicore_only,C1,,,
collaborative,lexicore_only,C1,,,
collaborator,lexicore_only,C1,,,
collar,lexicore_only,B1,,,
color,lexicore_only,A1,,,
colorful,lexicore_only,A2,,,
comb,lexicore_only,A2,,,
comfortably,lexicore_only,B2,,,
commend,lexicore_only,C1,,,
commercially,lexicore_only,C1,,,
compact,lexicore_only,B1,,,
competency,lexicore_only,C1,,,
competitiveness,lexicore_only,C1,,,
complementary,lexicore_only,C1,,,
compliant,lexicore_only,C1,,,
complimentary,lexicore_only,C1,,,
composite,lexicore_only,B2,,,
compromised,lexicore_only,C1,,,
compulsion,lexicore_only,C1,,,
computation,lexicore_only,C1,,,
con,lexicore_only,C1,,,
conceivable,lexicore_only,C1,,,
conceptual,lexicore_only,C1,,,
concerning,lexicore_only,B2,,,
concerto,lexicore_only,C1,,,
concur,lexicore_only,C1,,,
conditional,lexicore_only,C1,,,
cone,lexicore_only,B2,,,
confinement,lexicore_only,C1,,,
conform,lexicore_only,C1,,,
conformity,lexicore_only,C1,,,
conjunction,lexicore_only,B2,,,
conjure,lexicore_only,C1,,,
connector,lexicore_only,C1,,,
connoisseur,lexicore_only,C1,,,
conscientious,lexicore_only,C1,,,
conservatory,lexicore_only,C1,,,
considering,lexicore_only,B2,,,
console,lexicore_only,B2,,,
consortium,lexicore_only,C1,,,
consultancy,lexicore_only,C1,,,
contested,lexicore_only,C1,,,
contextual,lexicore_only,C1,,,
contingency,lexicore_only,C1,,,
continuity,lexicore_only,C1,,,
contour,lexicore_only,C1,,,
contractual,lexicore_only,C1,,,
converge,lexicore_only,C1,,,
convergence,lexicore_only,C1,,,
convoluted,lexicore_only,C1,,,
cookie,lexicore_only,A1,,,
cooler,lexicore_only,A2,,,
cooperation,lexicore_only,B2,,,
coral,lexicore_only,B2,,,
cord,lexicore_only,B1,,,
corn,lexicore_only,A1,,,
coronary,lexicore_only,C1,,,
corps,lexicore_only,C1,,,
corpus,lexicore_only,C1,,,
corrective,lexicore_only,C1,,,
couch,lexicore_only,A1,,,
cough,lexicore_only,B2,,,
coupled,lexicore_only,C1,,,
courageous,lexicore_only,B1,,,
cozy,lexicore_only,B2,,,
crab,lexicore_only,B2,,,
crave,lexicore_only,C1,,,
craving,lexicore_only,C1,,,
creamy,lexicore_only,C1,,,
credential,lexicore_only,C1,,,
creditor,lexicore_only,C1,,,
crisp,lexicore_only,A2,,,
criteria,lexicore_only,C1,,,
crossing,lexicore_only,B1,,,
crossroads,lexicore_only,B1,,,
cruelty,lexicore_only,B2,,,
crumb,lexicore_only,C1,,,
crumble,lexicore_only,C1,,,
cube,lexicore_only,B2,,,
cuff,lexicore_only,B2,,,
cumulative,lexicore_only,C1,,,
curry,lexicore_only,A2,,,
curse,lexicore_only,A2,,,
customary,lexicore_only,C1,,,
customize,lexicore_only,C1,,,
customs,lexicore_only,B1,,,
cyclic,lexicore_only,C1,,,
cycling,lexicore_only,A2,,,
cynicism,lexicore_only,C1,,,
daddy,lexicore_only,A1,,,
damaged,lexicore_only,B1,,,
dash,lexicore_only,B2,,,
dated,lexicore_only,B2,,,
daunting,lexicore_only,C1,,,
daydream,lexicore_only,C1,,,
daylight,lexicore_only,A2,,,
days,lexicore_only,A1,,,
daytime,lexicore_only,B2,,,
deceit,lexicore_only,C1,,,
decorative,lexicore_only,B2,,,
dedicate,lexicore_only,B1,,,
deduct,lexicore_only,C1,,,
deer,lexicore_only,B2,,,
defense,lexicore_only,B1,,,
defer,lexicore_only,C1,,,
deflection,lexicore_only,C1,,,
degradation,lexicore_only,C1,,,
degrade,lexicore_only,C1,,,
degrading,lexicore_only,C1,,,
delightful,lexicore_only,B1,,,
delta,lexicore_only,B2,,,
demanding,lexicore_only,B2,,,
demise,lexicore_only,C1,,,
demo,lexicore_only,C1,,,
demographic,lexicore_only,C1,,,
demolition,lexicore_only,C1,,,
demonstrator,lexicore_only,C1,,,
denominator,lexicore_only,C1,,,
denote,lexicore_only,C1,,,
dependency,lexicore_only,C1,,,
depiction,lexicore_only,C1,,,
deprivation,lexicore_only,C1,,,
derivative,lexicore_only,C1,,,
descriptor,lexicore_only,C1,,,
despair,lexicore_only,B1,,,
dessert,lexicore_only,A2,,,
destiny,lexicore_only,B2,,,
deter,lexicore_only,C1,,,
determinant,lexicore_only,C1,,,
detriment,lexicore_only,C1,,,
detrimental,lexicore_only,C1,,,
developed,lexicore_only,A2,,,
developing,lexicore_only,B2,,,
developmental,lexicore_only,C1,,,
deviation,lexicore_only,C1,,,
devoted,lexicore_only,B2,,,
devotee,lexicore_only,C1,,,
devotion,lexicore_only,B1,,,
diagnostic,lexicore_only,C1,,,
dial,lexicore_only,B1,,,
did,lexicore_only,A1,,,
differential,lexicore_only,C1,,,
differentiation,lexicore_only,C1,,,
diffusion,lexicore_only,C1,,,
digest,lexicore_only,B2,,,
dilute,lexicore_only,C1,,,
dim,lexicore_only,B2,,,
dinosaur,lexicore_only,A2,,,
diploma,lexicore_only,B2,,,
disappearance,lexicore_only,B2,,,
disco,lexicore_only,A2,,,
discontinue,lexicore_only,C1,,,
discrete,lexicore_only,C1,,,
disdain,lexicore_only,C1,,,
dismal,lexicore_only,C1,,,
dismantle,lexicore_only,C1,,,
dismay,lexicore_only,C1,,,
dispensary,lexicore_only,C1,,,
dispense,lexicore_only,C1,,,
displacement,lexicore_only,C1,,,
disposition,lexicore_only,B2,,,
disregard,lexicore_only,B2,,,
dissection,lexicore_only,C1,,,
dissent,lexicore_only,C1,,,
dissertation,lexicore_only,C1,,,
distinguished,lexicore_only,B2,,,
distraction,lexicore_only,B2,,,
disturbance,lexicore_only,B1,,,
divergence,lexicore_only,C1,,,
divergent,lexicore_only,C1,,,
diversion,lexicore_only,B2,,,
divided,lexicore_only,B2,,,
diving,lexicore_only,B1,,,
dna,lexicore_only,B2,,,
dock,lexicore_only,B2,,,
does,lexicore_only,A1,,,
doing,lexicore_only,A1,,,
doll,lexicore_only,A1,,,
domestically,lexicore_only,C1,,,
domination,lexicore_only,C1,,,
done,lexicore_only,A2,,,
doom,lexicore_only,B2,,,
doorway,lexicore_only,B2,,,
dove,lexicore_only,B2,,,
downside,lexicore_only,C1,,,
dr,lexicore_only,A1,,,
drawback,lexicore_only,C1,,,
drawer,lexicore_only,A2,,,
dread,lexicore_only,B2,,,
drill,lexicore_only,C1,,,
duck,lexicore_only,A2,,,
duly,lexicore_only,C1,,,
duplicate,lexicore_only,B2,,,
durable,lexicore_only,C1,,,
dye,lexicore_only,B2,,,
dynamically,lexicore_only,C1,,,
eagle,lexicore_only,B2,,,
eccentric,lexicore_only,C1,,,
eclectic,lexicore_only,C1,,,
economically,lexicore_only,C1,,,
ecstasy,lexicore_only,C1,,,
ecstatic,lexicore_only,C1,,,
effortless,lexicore_only,C1,,,
elastic,lexicore_only,C1,,,
elasticity,lexicore_only,C1,,,
elevation,lexicore_only,C1,,,
elevator,lexicore_only,A2,,,
elusive,lexicore_only,C1,,,
emit,lexicore_only,C1,,,
empowerment,lexicore_only,C1,,,
encode,lexicore_only,C1,,,
endowment,lexicore_only,C1,,,
endurance,lexicore_only,B2,,,
energetic,lexicore_only,A2,,,
enhancement,lexicore_only,C1,,,
enlarge,lexicore_only,C1,,,
enlargement,lexicore_only,C1,,,
enormously,lexicore_only,C1,,,
enterprising,lexicore_only,C1,,,
entrepreneurial,lexicore_only,C1,,,
envy,lexicore_only,A2,,,
epidemiology,lexicore_only,C1,,,
equity,lexicore_only,B2,,,
equivalence,lexicore_only,C1,,,
erase,lexicore_only,C1,,,
estimated,lexicore_only,B2,,,
estimation,lexicore_only,C1,,,
eternity,lexicore_only,B1,,,
ethanol,lexicore_only,C1,,,
ethically,lexicore_only,C1,,,
ethics,lexicore_only,B1,,,
evacuation,lexicore_only,B2,,,
everlasting,lexicore_only,B2,,,
ex,lexicore_only,A1,,,
exceptionally,lexicore_only,B2,,,
excursion,lexicore_only,B2,,,
exhaust,lexicore_only,C1,,,
exhausted,lexicore_only,B1,,,
exhilarating,lexicore_only,C1,,,
existing,lexicore_only,B2,,,
exodus,lexicore_only,C1,,,
expedite,lexicore_only,C1,,,
expiration,lexicore_only,C1,,,
explanatory,lexicore_only,C1,,,
explorer,lexicore_only,B2,,,
exponential,lexicore_only,C1,,,
exquisite,lexicore_only,B2,,,
exterior,lexicore_only,C1,,,
extortion,lexicore_only,C1,,,
extravagance,lexicore_only,C1,,,
exuberant,lexicore_only,C1,,,
facet,lexicore_only,C1,,,
facial,lexicore_only,C1,,,
facilitation,lexicore_only,C1,,,
facilities,lexicore_only,B2,,,
fairy,lexicore_only,A1,,,
faithful,lexicore_only,B1,,,
fallen,lexicore_only,B1,,,
fanatic,lexicore_only,C1,,,
fanciful,lexicore_only,C1,,,
farce,lexicore_only,C1,,,
farther,lexicore_only,B1,,,
fascinated,lexicore_only,B2,,,
fascination,lexicore_only,B2,,,
fatality,lexicore_only,C1,,,
fatigue,lexicore_only,C1,,,
favor,lexicore_only,A2,,,
favorite,lexicore_only,A1,,,
feast,lexicore_only,B1,,,
ferocious,lexicore_only,C1,,,
fetal,lexicore_only,C1,,,
fiddle,lexicore_only,C1,,,
fiercely,lexicore_only,C1,,,
fighter,lexicore_only,A2,,,
filling,lexicore_only,B1,,,
financially,lexicore_only,B2,,,
finite,lexicore_only,C1,,,
fireplace,lexicore_only,B2,,,
firewall,lexicore_only,C1,,,
fiscal,lexicore_only,B2,,,
fisherman,lexicore_only,A2,,,
flap,lexicore_only,B2,,,
flashback,lexicore_only,C1,,,
flask,lexicore_only,C1,,,
flatter,lexicore_only,C1,,,
flea,lexicore_only,A2,,,
flick,lexicore_only,C1,,,
flicker,lexicore_only,C1,,,
flip,lexicore_only,B2,,,
flock,lexicore_only,B1,,,
flux,lexicore_only,C1,,,
fog,lexicore_only,A2,,,
foggy,lexicore_only,A1,,,
forbidden,lexicore_only,B1,,,
forensic,lexicore_only,C1,,,
forfeit,lexicore_only,C1,,,
formality,lexicore_only,C1,,,
formats,lexicore_only,C1,,,
formidable,lexicore_only,B2,,,
formulation,lexicore_only,C1,,,
foul,lexicore_only,B2,,,
fountain,lexicore_only,B1,,,
fox,lexicore_only,B2,,,
fragmentation,lexicore_only,C1,,,
frank,lexicore_only,A2,,,
freezing,lexicore_only,B1,,,
fried,lexicore_only,A2,,,
frontier,lexicore_only,B2,,,
frost,lexicore_only,C1,,,
frosty,lexicore_only,C1,,,
fulfill,lexicore_only,B2,,,
fuse,lexicore_only,C1,,,
fusion,lexicore_only,C1,,,
gadget,lexicore_only,C1,,,
garbage,lexicore_only,A1,,,
gardener,lexicore_only,B2,,,
garlic,lexicore_only,A2,,,
garment,lexicore_only,B1,,,
gateway,lexicore_only,B2,,,
gauge,lexicore_only,B2,,,
gem,lexicore_only,C1,,,
generosity,lexicore_only,B2,,,
genome,lexicore_only,C1,,,
gently,lexicore_only,B2,,,
geological,lexicore_only,C1,,,
getaway,lexicore_only,B2,,,
ghostly,lexicore_only,C1,,,
gifted,lexicore_only,B1,,,
ginger,lexicore_only,B1,,,
given,lexicore_only,A2,,,
giving,lexicore_only,A1,,,
glamorous,lexicore_only,B2,,,
glasses,lexicore_only,A1,,,
glow,lexicore_only,B2,,,
goat,lexicore_only,B2,,,
goddess,lexicore_only,B1,,,
goodwill,lexicore_only,B2,,,
goose,lexicore_only,C1,,,
gourmet,lexicore_only,C1,,,
graceful,lexicore_only,B1,,,
gradient,lexicore_only,C1,,,
graduation,lexicore_only,B1,,,
graft,lexicore_only,C1,,,
gram,lexicore_only,A2,,,
grammar,lexicore_only,A1,,,
grammatical,lexicore_only,C1,,,
grandma,lexicore_only,A1,,,
grape,lexicore_only,A1,,,
grapefruit,lexicore_only,C1,,,
gratitude,lexicore_only,B1,,,
gray,lexicore_only,A1,,,
greatness,lexicore_only,B2,,,
greeting,lexicore_only,B1,,,
grim,lexicore_only,B2,,,
grounds,lexicore_only,C1,,,
growing,lexicore_only,B2,,,
gruesome,lexicore_only,C1,,,
gum,lexicore_only,B2,,,
gusto,lexicore_only,C1,,,
gypsy,lexicore_only,C1,,,
hack,lexicore_only,C1,,,
had,lexicore_only,A1,,,
haircut,lexicore_only,A1,,,
ham,lexicore_only,A2,,,
hamburger,lexicore_only,A1,,,
hammer,lexicore_only,B1,,,
handicapped,lexicore_only,A2,,,
handsome,lexicore_only,A1,,,
hanging,lexicore_only,C1,,,
harass,lexicore_only,C1,,,
harbor,lexicore_only,B1,,,
harmless,lexicore_only,B2,,,
has,lexicore_only,A1,,,
haunting,lexicore_only,B2,,,
haven,lexicore_only,B1,,,
having,lexicore_only,A1,,,
heavenly,lexicore_only,B1,,,
hedge,lexicore_only,B2,,,
hedgehog,lexicore_only,C1,,,
helix,lexicore_only,C1,,,
hepatitis,lexicore_only,C1,,,
heroine,lexicore_only,C1,,,
hesitation,lexicore_only,B2,,,
hike,lexicore_only,A2,,,
hiking,lexicore_only,A2,,,
holder,lexicore_only,B2,,,
holding,lexicore_only,A1,,,
homeowner,lexicore_only,C1,,,
hometown,lexicore_only,A1,,,
honor,lexicore_only,A2,,,
honorable,lexicore_only,B2,,,
hood,lexicore_only,B2,,,
hop,lexicore_only,B1,,,
horizontal,lexicore_only,B2,,,
hospitality,lexicore_only,B2,,,
hostess,lexicore_only,C1,,,
hours,lexicore_only,A1,,,
humane,lexicore_only,B2,,,
humiliation,lexicore_only,B2,,,
humor,lexicore_only,B1,,,
hunter,lexicore_only,A2,,,
hurdle,lexicore_only,C1,,,
hypocrisy,lexicore_only,C1,,,
hypocritical,lexicore_only,C1,,,
icy,lexicore_only,B2,,,
idle,lexicore_only,B2,,,
imitation,lexicore_only,B2,,,
immensely,lexicore_only,C1,,,
immortal,lexicore_only,B2,,,
imp,lexicore_only,C1,,,
impairment,lexicore_only,C1,,,
impede,lexicore_only,C1,,,
impediment,lexicore_only,C1,,,
imperative,lexicore_only,C1,,,
impersonal,lexicore_only,C1,,,
impersonate,lexicore_only,C1,,,
impersonation,lexicore_only,C1,,,
implicit,lexicore_only,C1,,,
importantly,lexicore_only,A2,,,
importer,lexicore_only,C1,,,
impoverished,lexicore_only,C1,,,
improved,lexicore_only,B2,,,
impulse,lexicore_only,B2,,,
incision,lexicore_only,C1,,,
incline,lexicore_only,C1,,,
inclusive,lexicore_only,C1,,,
incorporation,lexicore_only,C1,,,
incremental,lexicore_only,C1,,,
indefinite,lexicore_only,C1,,,
indefinitely,lexicore_only,C1,,,
independently,lexicore_only,B2,,,
indifference,lexicore_only,C1,,,
indispensable,lexicore_only,C1,,,
individuality,lexicore_only,C1,,,
induction,lexicore_only,C1,,,
industrialization,lexicore_only,C1,,,
inefficient,lexicore_only,C1,,,
inexperienced,lexicore_only,B2,,,
inexplicable,lexicore_only,C1,,,
infinite,lexicore_only,B1,,,
ingenious,lexicore_only,C1,,,
ingenuity,lexicore_only,C1,,,
inherently,lexicore_only,C1,,,
inheritance,lexicore_only,C1,,,
inhibition,lexicore_only,C1,,,
initiation,lexicore_only,C1,,,
innovate,lexicore_only,C1,,,
insecure,lexicore_only,C1,,,
insensitive,lexicore_only,C1,,,
insightful,lexicore_only,C1,,,
instability,lexicore_only,C1,,,
instinctive,lexicore_only,C1,,,
instinctively,lexicore_only,C1,,,
intangible,lexicore_only,C1,,,
intellect,lexicore_only,C1,,,
intentionally,lexicore_only,B1,,,
interestingly,lexicore_only,C1,,,
intermediary,lexicore_only,C1,,,
interpreter,lexicore_only,B2,,,
interruption,lexicore_only,B2,,,
interviewer,lexicore_only,A1,,,
intrigue,lexicore_only,C1,,,
intrinsic,lexicore_only,C1,,,
intrusion,lexicore_only,B2,,,
intuition,lexicore_only,C1,,,
intuitive,lexicore_only,C1,,,
intuitively,lexicore_only,C1,,,
inversion,lexicore_only,C1,,,
invoice,lexicore_only,C1,,,
ion,lexicore_only,B2,,,
irregular,lexicore_only,B1,,,
irresistible,lexicore_only,B2,,,
is,lexicore_only,A1,,,
issuance,lexicore_only,C1,,,
issuer,lexicore_only,C1,,,
itinerary,lexicore_only,C1,,,
jar,lexicore_only,B1,,,
jaw,lexicore_only,B2,,,
jelly,lexicore_only,A2,,,
jersey,lexicore_only,C1,,,
jewel,lexicore_only,B1,,,
jewelry,lexicore_only,A1,,,
jog,lexicore_only,C1,,,
judgment,lexicore_only,B1,,,
jungle,lexicore_only,B1,,,
junk,lexicore_only,A2,,,
justly,lexicore_only,C1,,,
juvenile,lexicore_only,C1,,,
keeper,lexicore_only,B2,,,
killer,lexicore_only,A2,,,
kilometer,lexicore_only,A2,,,
kindly,lexicore_only,A2,,,
kindness,lexicore_only,B1,,,
kite,lexicore_only,A1,,,
knot,lexicore_only,B2,,,
knowledgeable,lexicore_only,C1,,,
known,lexicore_only,B2,,,
labor,lexicore_only,A2,,,
lamb,lexicore_only,B1,,,
lapse,lexicore_only,C1,,,
latent,lexicore_only,C1,,,
lateral,lexicore_only,C1,,,
laundry,lexicore_only,B2,,,
lava,lexicore_only,B2,,,
lawful,lexicore_only,B1,,,
lease,lexicore_only,B2,,,
legally,lexicore_only,B1,,,
legitimacy,lexicore_only,C1,,,
lemonade,lexicore_only,A2,,,
leopard,lexicore_only,B2,,,
lever,lexicore_only,C1,,,
lexical,lexicore_only,C1,,,
liaison,lexicore_only,C1,,,
lid,lexicore_only,B2,,,
lighter,lexicore_only,B1,,,
lightly,lexicore_only,B1,,,
lightning,lexicore_only,B1,,,
lily,lexicore_only,A1,,,
limitless,lexicore_only,C1,,,
linearly,lexicore_only,C1,,,
linguistic,lexicore_only,C1,,,
linguistics,lexicore_only,C1,,,
liquidation,lexicore_only,C1,,,
liquidity,lexicore_only,C1,,,
locally,lexicore_only,B1,,,
locus,lexicore_only,C1,,,
lodge,lexicore_only,C1,,,
loneliness,lexicore_only,B2,,,
longer,lexicore_only,A1,,,
longitudinal,lexicore_only,C1,,,
lover,lexicore_only,A2,,,
luckily,lexicore_only,A2,,,
ludicrous,lexicore_only,C1,,,
lump,lexicore_only,C1,,,
lush,lexicore_only,B2,,,
lust,lexicore_only,C1,,,
luxurious,lexicore_only,B2,,,
macabre,lexicore_only,C1,,,
macro,lexicore_only,C1,,,
macroeconomic,lexicore_only,C1,,,
macroeconomics,lexicore_only,C1,,,
made,lexicore_only,A1,,,
madness,lexicore_only,B2,,,
magnetism,lexicore_only,C1,,,
maker,lexicore_only,A2,,,
malfunction,lexicore_only,C1,,,
managerial,lexicore_only,C1,,,
mankind,lexicore_only,B1,,,
mansion,lexicore_only,B2,,,
manual,lexicore_only,B2,,,
maple,lexicore_only,B1,,,
marble,lexicore_only,B1,,,
marginally,lexicore_only,C1,,,
marked,lexicore_only,B1,,,
marrow,lexicore_only,C1,,,
marvel,lexicore_only,C1,,,
masterpiece,lexicore_only,B2,,,
maternal,lexicore_only,C1,,,
math,lexicore_only,A1,,,
matrix,lexicore_only,B2,,,
max,lexicore_only,A2,,,
meaningless,lexicore_only,C1,,,
mediate,lexicore_only,C1,,,
melon,lexicore_only,A2,,,
memorandum,lexicore_only,C1,,,
mentally,lexicore_only,B1,,,
merchandise,lexicore_only,B2,,,
merry,lexicore_only,A1,,,
messenger,lexicore_only,B2,,,
messy,lexicore_only,B1,,,
meter,lexicore_only,A2,,,
methodical,lexicore_only,C1,,,
microphone,lexicore_only,B2,,,
microscopy,lexicore_only,B2,,,
mid,lexicore_only,A1,,,
midday,lexicore_only,A2,,,
midwife,lexicore_only,C1,,,
migrant,lexicore_only,C1,,,
migrate,lexicore_only,C1,,,
mingle,lexicore_only,C1,,,
miniature,lexicore_only,B2,,,
mint,lexicore_only,B2,,,
minus,lexicore_only,B1,,,
minutes,lexicore_only,A1,,,
mist,lexicore_only,B2,,,
mock,lexicore_only,B2,,,
molecular,lexicore_only,B1,,,
mom,lexicore_only,A1,,,
mommy,lexicore_only,A1,,,
monotonous,lexicore_only,C1,,,
monotony,lexicore_only,C1,,,
months,lexicore_only,A1,,,
moody,lexicore_only,B2,,,
morphological,lexicore_only,C1,,,
morphology,lexicore_only,C1,,,
mortal,lexicore_only,B2,,,
mortar,lexicore_only,B2,,,
moss,lexicore_only,B1,,,
motif,lexicore_only,C1,,,
motivated,lexicore_only,B2,,,
motley,lexicore_only,C1,,,
motto,lexicore_only,B1,,,
mr,lexicore_only,A1,,,
mrs,lexicore_only,A1,,,
ms,lexicore_only,A2,,,
muddy,lexicore_only,B2,,,
multinational,lexicore_only,C1,,,
munch,lexicore_only,C1,,,
muscular,lexicore_only,C1,,,
mushroom,lexicore_only,A2,,,
mustard,lexicore_only,B1,,,
mutually,lexicore_only,C1,,,
mythological,lexicore_only,C1,,,
mythology,lexicore_only,C1,,,
naive,lexicore_only,C1,,,
names,lexicore_only,A1,,,
nationalism,lexicore_only,C1,,,
nationality,lexicore_only,A1,,,
negligent,lexicore_only,C1,,,
negligible,lexicore_only,C1,,,
negotiable,lexicore_only,C1,,,
neighbor,lexicore_only,A1,,,
neighborhood,lexicore_only,B1,,,
neuron,lexicore_only,C1,,,
nocturnal,lexicore_only,C1,,,
node,lexicore_only,C1,,,
non,lexicore_only,A1,,,
nonlinear,lexicore_only,C1,,,
norms,lexicore_only,C1,,,
notation,lexicore_only,C1,,,
notwithstanding,lexicore_only,C1,,,
novelty,lexicore_only,B2,,,
novice,lexicore_only,C1,,,
numb,lexicore_only,C1,,,
oak,lexicore_only,A2,,,
oath,lexicore_only,B2,,,
obedience,lexicore_only,B2,,,
obscure,lexicore_only,C1,,,
occupant,lexicore_only,C1,,,
occupational,lexicore_only,C1,,,
offense,lexicore_only,B2,,,
offshore,lexicore_only,B2,,,
okay,lexicore_only,A1,,,
olive,lexicore_only,B2,,,
olympics,lexicore_only,A1,,,
omit,lexicore_only,C1,,,
onset,lexicore_only,C1,,,
onwards,lexicore_only,C1,,,
optimal,lexicore_only,C1,,,
optimum,lexicore_only,C1,,,
orchard,lexicore_only,C1,,,
ordinarily,lexicore_only,C1,,,
organisation,lexicore_only,B1,,,
organise,lexicore_only,A2,,,
organised,lexicore_only,A2,,,
orient,lexicore_only,C1,,,
ornamental,lexicore_only,C1,,,
orphan,lexicore_only,C1,,,
others,lexicore_only,A1,,,
otter,lexicore_only,C1,,,
outperform,lexicore_only,C1,,,
outset,lexicore_only,C1,,,
outsource,lexicore_only,C1,,,
overhead,lexicore_only,B1,,,
overtime,lexicore_only,B2,,,
owl,lexicore_only,B2,,,
ox,lexicore_only,B2,,,
pacific,lexicore_only,A2,,,
packed,lexicore_only,B2,,,
packing,lexicore_only,B1,,,
paddle,lexicore_only,C1,,,
paid,lexicore_only,B1,,,
pandemic,lexicore_only,B2,,,
panorama,lexicore_only,C1,,,
panoramic,lexicore_only,C1,,,
paperwork,lexicore_only,B2,,,
paradigm,lexicore_only,C1,,,
paradise,lexicore_only,B1,,,
paradox,lexicore_only,B2,,,
parasite,lexicore_only,C1,,,
pardon,lexicore_only,A1,,,
parity,lexicore_only,C1,,,
particle,lexicore_only,B2,,,
partition,lexicore_only,B2,,,
pasta,lexicore_only,A2,,,
paternalistic,lexicore_only,C1,,,
patriot,lexicore_only,B2,,,
patriotic,lexicore_only,B2,,,
patriotism,lexicore_only,B2,,,
pavement,lexicore_only,B2,,,
paw,lexicore_only,B2,,,
paywall,lexicore_only,C1,,,
pc,lexicore_only,A2,,,
pea,lexicore_only,A2,,,
peacefully,lexicore_only,B2,,,
peacekeeping,lexicore_only,C1,,,
peach,lexicore_only,B2,,,
peacock,lexicore_only,C1,,,
peanut,lexicore_only,B1,,,
pear,lexicore_only,A2,,,
pearl,lexicore_only,B2,,,
pedal,lexicore_only,B2,,,
pedestrian,lexicore_only,B2,,,
peel,lexicore_only,B2,,,
pendulum,lexicore_only,C1,,,
peninsula,lexicore_only,C1,,,
pentagon,lexicore_only,B2,,,
percent,lexicore_only,B1,,,
perceptive,lexicore_only,C1,,,
periodic,lexicore_only,C1,,,
periodically,lexicore_only,C1,,,
peripheral,lexicore_only,C1,,,
perpetuate,lexicore_only,C1,,,
persecution,lexicore_only,C1,,,
persuasion,lexicore_only,B2,,,
pertinent,lexicore_only,C1,,,
pesticide,lexicore_only,C1,,,
petty,lexicore_only,B2,,,
pharmacist,lexicore_only,B2,,,
phenomenal,lexicore_only,C1,,,
phoenix,lexicore_only,B1,,,
phosphate,lexicore_only,C1,,,
physically,lexicore_only,A2,,,
physiological,lexicore_only,C1,,,
physique,lexicore_only,C1,,,
picnic,lexicore_only,A1,,,
pie,lexicore_only,B1,,,
pieces,lexicore_only,A1,,,
pigeon,lexicore_only,C1,,,
pilgrim,lexicore_only,A2,,,
pillow,lexicore_only,B1,,,
pine,lexicore_only,B2,,,
pinnacle,lexicore_only,C1,,,
pizza,lexicore_only,A1,,,
placid,lexicore_only,C1,,,
plague,lexicore_only,C1,,,
planner,lexicore_only,C1,,,
plans,lexicore_only,A1,,,
plaque,lexicore_only,C1,,,
plaster,lexicore_only,C1,,,
plausible,lexicore_only,C1,,,
playful,lexicore_only,A2,,,
playground,lexicore_only,A2,,,
pleasing,lexicore_only,A2,,,
pleasurable,lexicore_only,C1,,,
ploy,lexicore_only,C1,,,
plum,lexicore_only,B2,,,
plumbing,lexicore_only,C1,,,
pm,lexicore_only,A1,,,
pneumonia,lexicore_only,B2,,,
poise,lexicore_only,C1,,,
polar,lexicore_only,B2,,,
politically,lexicore_only,B2,,,
porch,lexicore_only,B2,,,
pork,lexicore_only,B1,,,
portable,lexicore_only,C1,,,
portrayal,lexicore_only,C1,,,
positively,lexicore_only,B1,,,
possessed,lexicore_only,B2,,,
postal,lexicore_only,B2,,,
postgraduate,lexicore_only,C1,,,
posture,lexicore_only,C1,,,
practically,lexicore_only,B2,,,
pragmatic,lexicore_only,C1,,,
pre,lexicore_only,A1,,,
preacher,lexicore_only,C1,,,
precipitation,lexicore_only,C1,,,
premises,lexicore_only,C1,,,
prestige,lexicore_only,B2,,,
primer,lexicore_only,C1,,,
primitive,lexicore_only,B1,,,
principally,lexicore_only,C1,,,
privately,lexicore_only,B2,,,
privileged,lexicore_only,C1,,,
pro,lexicore_only,A2,,,
procurement,lexicore_only,C1,,,
professionalism,lexicore_only,C1,,,
profitability,lexicore_only,C1,,,
profoundly,lexicore_only,C1,,,
progression,lexicore_only,C1,,,
proliferation,lexicore_only,C1,,,
prolific,lexicore_only,C1,,,
prolong,lexicore_only,C1,,,
promptly,lexicore_only,B2,,,
prop,lexicore_only,C1,,,
prophet,lexicore_only,C1,,,
prophetic,lexicore_only,C1,,,
proportional,lexicore_only,C1,,,
proposed,lexicore_only,B2,,,
proprietary,lexicore_only,C1,,,
prosper,lexicore_only,B2,,,
protagonist,lexicore_only,C1,,,
proton,lexicore_only,C1,,,
proven,lexicore_only,B2,,,
provided,lexicore_only,B1,,,
provisions,lexicore_only,C1,,,
provocative,lexicore_only,C1,,,
proximity,lexicore_only,B2,,,
prudent,lexicore_only,C1,,,
psyche,lexicore_only,C1,,,
psychiatrist,lexicore_only,C1,,,
publicly,lexicore_only,B1,,,
publisher,lexicore_only,B1,,,
pudding,lexicore_only,B2,,,
pumpkin,lexicore_only,B2,,,
puppy,lexicore_only,B1,,,
purity,lexicore_only,C1,,,
pursuant,lexicore_only,C1,,,
qualitative,lexicore_only,C1,,,
quantitative,lexicore_only,C1,,,
quarry,lexicore_only,C1,,,
quasi,lexicore_only,C1,,,
queer,lexicore_only,B2,,,
quirky,lexicore_only,C1,,,
quiz,lexicore_only,A2,,,
rabbit,lexicore_only,A1,,,
radiator,lexicore_only,C1,,,
rag,lexicore_only,B2,,,
rainbow,lexicore_only,B2,,,
rainy,lexicore_only,A1,,,
ram,lexicore_only,B2,,,
ramp,lexicore_only,B2,,,
randomly,lexicore_only,C1,,,
ranger,lexicore_only,B2,,,
rap,lexicore_only,A2,,,
rapport,lexicore_only,C1,,,
rarity,lexicore_only,C1,,,
rash,lexicore_only,B2,,,
rationale,lexicore_only,C1,,,
rationality,lexicore_only,C1,,,
reactive,lexicore_only,C1,,,
readable,lexicore_only,C1,,,
realise,lexicore_only,A2,,,
realism,lexicore_only,C1,,,
realist,lexicore_only,C1,,,
reap,lexicore_only,C1,,,
reassurance,lexicore_only,C1,,,
receptor,lexicore_only,C1,,,
recess,lexicore_only,C1,,,
recharge,lexicore_only,C1,,,
recite,lexicore_only,C1,,,
recognise,lexicore_only,B1,,,
recollection,lexicore_only,C1,,,
reconcile,lexicore_only,C1,,,
reconsider,lexicore_only,B2,,,
reconstruct,lexicore_only,C1,,,
recreation,lexicore_only,B2,,,
redesign,lexicore_only,C1,,,
rediscover,lexicore_only,C1,,,
redundancy,lexicore_only,C1,,,
reed,lexicore_only,B2,,,
referral,lexicore_only,C1,,,
refine,lexicore_only,C1,,,
refrain,lexicore_only,B2,,,
refresh,lexicore_only,C1,,,
refreshing,lexicore_only,C1,,,
refrigerator,lexicore_only,A2,,,
refurbishment,lexicore_only,C1,,,
regarding,lexicore_only,B1,,,
regression,lexicore_only,C1,,,
reinvestment,lexicore_only,C1,,,
relapse,lexicore_only,C1,,,
relational,lexicore_only,C1,,,
relay,lexicore_only,B2,,,
relinquish,lexicore_only,C1,,,
reluctance,lexicore_only,C1,,,
reluctantly,lexicore_only,C1,,,
remaining,lexicore_only,B2,,,
remedial,lexicore_only,C1,,,
remembrance,lexicore_only,B1,,,
reminiscent,lexicore_only,C1,,,
remorse,lexicore_only,C1,,,
remotely,lexicore_only,C1,,,
removed,lexicore_only,C1,,,
rendering,lexicore_only,C1,,,
renown,lexicore_only,C1,,,
repeatedly,lexicore_only,B1,,,
repel,lexicore_only,C1,,,
repertoire,lexicore_only,B2,,,
replicate,lexicore_only,C1,,,
replication,lexicore_only,C1,,,
residual,lexicore_only,C1,,,
resilience,lexicore_only,C1,,,
resilient,lexicore_only,C1,,,
resonate,lexicore_only,C1,,,
respected,lexicore_only,B2,,,
respite,lexicore_only,C1,,,
restorative,lexicore_only,C1,,,
restrain,lexicore_only,C1,,,
restrictive,lexicore_only,C1,,,
retention,lexicore_only,C1,,,
reunion,lexicore_only,A2,,,
revealing,lexicore_only,C1,,,
revere,lexicore_only,C1,,,
rib,lexicore_only,B2,,,
ribbon,lexicore_only,A1,,,
rider,lexicore_only,B2,,,
ridge,lexicore_only,B2,,,
rim,lexicore_only,B2,,,
ripe,lexicore_only,B1,,,
riveting,lexicore_only,C1,,,
roam,lexicore_only,B2,,,
roar,lexicore_only,B2,,,
roast,lexicore_only,B2,,,
robin,lexicore_only,A2,,,
rocky,lexicore_only,B2,,,
rolling,lexicore_only,B1,,,
roundup,lexicore_only,C1,,,
routinely,lexicore_only,C1,,,
royalty,lexicore_only,B2,,,
rudimentary,lexicore_only,C1,,,
ruler,lexicore_only,A1,,,
rules,lexicore_only,A1,,,
rumble,lexicore_only,C1,,,
ruthless,lexicore_only,C1,,,
safely,lexicore_only,B1,,,
sage,lexicore_only,B2,,,
salmon,lexicore_only,B1,,,
salon,lexicore_only,B2,,,
saloon,lexicore_only,C1,,,
salty,lexicore_only,B2,,,
salvage,lexicore_only,C1,,,
salvation,lexicore_only,C1,,,
salve,lexicore_only,C1,,,
sanctity,lexicore_only,C1,,,
sandy,lexicore_only,A2,,,
sap,lexicore_only,C1,,,
sarcasm,lexicore_only,C1,,,
sarcastic,lexicore_only,C1,,,
satisfactory,lexicore_only,B2,,,
sauna,lexicore_only,C1,,,
sausage,lexicore_only,A2,,,
savings,lexicore_only,B2,,,
saw,lexicore_only,A1,,,
scar,lexicore_only,B2,,,
scarf,lexicore_only,A2,,,
scenery,lexicore_only,A2,,,
scent,lexicore_only,B2,,,
scheduled,lexicore_only,B2,,,
scissors,lexicore_only,A2,,,
scorn,lexicore_only,C1,,,
scramble,lexicore_only,C1,,,
screenplay,lexicore_only,C1,,,
scripture,lexicore_only,C1,,,
seafood,lexicore_only,A2,,,
seaside,lexicore_only,A2,,,
secretly,lexicore_only,B1,,,
sediment,lexicore_only,C1,,,
segmentation,lexicore_only,C1,,,
semantic,lexicore_only,C1,,,
semester,lexicore_only,A2,,,
sent,lexicore_only,A1,,,
sentient,lexicore_only,C1,,,
sentimental,lexicore_only,C1,,,
separately,lexicore_only,B2,,,
sequel,lexicore_only,C1,,,
setback,lexicore_only,B2,,,
sew,lexicore_only,A2,,,
shaken,lexicore_only,B2,,,
sharply,lexicore_only,B2,,,
shield,lexicore_only,B2,,,
shortlist,lexicore_only,C1,,,
showcase,lexicore_only,B2,,,
sickness,lexicore_only,B1,,,
sidewalk,lexicore_only,B1,,,
sightseeing,lexicore_only,A2,,,
silently,lexicore_only,A2,,,
silhouette,lexicore_only,C1,,,
simplicity,lexicore_only,C1,,,
sincerity,lexicore_only,B2,,,
singular,lexicore_only,A2,,,
skate,lexicore_only,A2,,,
sketchbook,lexicore_only,C1,,,
slab,lexicore_only,C1,,,
slack,lexicore_only,C1,,,
slaughter,lexicore_only,B2,,,
slim,lexicore_only,A2,,,
slump,lexicore_only,C1,,,
smith,lexicore_only,A1,,,
smoothly,lexicore_only,A2,,,
snack,lexicore_only,A2,,,
snowboarding,lexicore_only,A2,,,
snowy,lexicore_only,A1,,,
soaked,lexicore_only,B2,,,
soda,lexicore_only,A2,,,
sofa,lexicore_only,A1,,,
soluble,lexicore_only,C1,,,
sour,lexicore_only,B1,,,
spacious,lexicore_only,C1,,,
spaghetti,lexicore_only,A2,,,
sparkling,lexicore_only,B2,,,
spartan,lexicore_only,C1,,,
spatial,lexicore_only,C1,,,
specialization,lexicore_only,C1,,,
specially,lexicore_only,B1,,,
specialty,lexicore_only,B2,,,
speculative,lexicore_only,C1,,,
splash,lexicore_only,B2,,,
splatter,lexicore_only,C1,,,
sponge,lexicore_only,B1,,,
spontaneous,lexicore_only,C1,,,
spontaneously,lexicore_only,C1,,,
sports,lexicore_only,B1,,,
sprawl,lexicore_only,C1,,,
spray,lexicore_only,B2,,,
sprout,lexicore_only,C1,,,
squash,lexicore_only,B2,,,
stack,lexicore_only,B2,,,
staggering,lexicore_only,C1,,,
stain,lexicore_only,B2,,,
stamina,lexicore_only,C1,,,
standardize,lexicore_only,C1,,,
standby,lexicore_only,B2,,,
staple,lexicore_only,C1,,,
started,lexicore_only,A1,,,
starting,lexicore_only,A1,,,
startling,lexicore_only,C1,,,
starts,lexicore_only,A1,,,
stately,lexicore_only,C1,,,
statistically,lexicore_only,C1,,,
statistics,lexicore_only,B2,,,
steak,lexicore_only,A2,,,
stern,lexicore_only,B2,,,
stimuli,lexicore_only,C1,,,
stochastic,lexicore_only,C1,,,
stoke,lexicore_only,C1,,,
stool,lexicore_only,B2,,,
stove,lexicore_only,A2,,,
strap,lexicore_only,C1,,,
straw,lexicore_only,B1,,,
strawberry,lexicore_only,B1,,,
stray,lexicore_only,C1,,,
stretching,lexicore_only,C1,,,
stride,lexicore_only,B2,,,
structurally,lexicore_only,C1,,,
stuck,lexicore_only,B1,,,
stuffed,lexicore_only,B1,,,
stylistic,lexicore_only,C1,,,
sub,lexicore_only,A1,,,
subjective,lexicore_only,C1,,,
subordinate,lexicore_only,C1,,,
subset,lexicore_only,C1,,,
substrate,lexicore_only,C1,,,
subtly,lexicore_only,C1,,,
subway,lexicore_only,A1,,,
succulent,lexicore_only,C1,,,
suffice,lexicore_only,C1,,,
sunflower,lexicore_only,A2,,,
sunny,lexicore_only,A1,,,
sunrise,lexicore_only,B1,,,
sunset,lexicore_only,B1,,,
sunshine,lexicore_only,A1,,,
superficial,lexicore_only,C1,,,
superintendent,lexicore_only,B2,,,
supernatural,lexicore_only,B2,,,
superstar,lexicore_only,A2,,,
supervisory,lexicore_only,C1,,,
supple,lexicore_only,C1,,,
surf,lexicore_only,A1,,,
surfing,lexicore_only,A2,,,
surroundings,lexicore_only,B2,,,
sustainably,lexicore_only,C1,,,
swan,lexicore_only,B2,,,
swap,lexicore_only,C1,,,
sweat,lexicore_only,B1,,,
swift,lexicore_only,B2,,,
swiftly,lexicore_only,C1,,,
syllabus,lexicore_only,C1,,,
symphony,lexicore_only,A2,,,
symptomatic,lexicore_only,C1,,,
synergy,lexicore_only,C1,,,
synopsis,lexicore_only,C1,,,
syntax,lexicore_only,C1,,,
synthetic,lexicore_only,C1,,,
tact,lexicore_only,C1,,,
tailor,lexicore_only,C1,,,
taken,lexicore_only,A1,,,
takes,lexicore_only,A1,,,
tame,lexicore_only,B2,,,
tangle,lexicore_only,C1,,,
tangled,lexicore_only,C1,,,
tariff,lexicore_only,C1,,,
tattoo,lexicore_only,B2,,,
technically,lexicore_only,B2,,,
tedious,lexicore_only,C1,,,
telecom,lexicore_only,C1,,,
telecommunication,lexicore_only,C1,,,
temperament,lexicore_only,C1,,,
template,lexicore_only,C1,,,
temporal,lexicore_only,C1,,,
temptation,lexicore_only,B2,,,
terminology,lexicore_only,C1,,,
terrace,lexicore_only,B2,,,
terrifying,lexicore_only,B2,,,
testament,lexicore_only,C1,,,
theater,lexicore_only,A1,,,
these,lexicore_only,A1,,,
thigh,lexicore_only,B2,,,
those,lexicore_only,A1,,,
threatening,lexicore_only,B1,,,
thrill,lexicore_only,B2,,,
thrilling,lexicore_only,B2,,,
tick,lexicore_only,B1,,,
tiger,lexicore_only,A1,,,
times,lexicore_only,B2,,,
timetable,lexicore_only,A2,,,
timid,lexicore_only,C1,,,
tinker,lexicore_only,C1,,,
tomb,lexicore_only,C1,,,
torch,lexicore_only,B2,,,
torment,lexicore_only,C1,,,
toughness,lexicore_only,C1,,,
toward,lexicore_only,A2,,,
tract,lexicore_only,C1,,,
trader,lexicore_only,B2,,,
trajectory,lexicore_only,C1,,,
trampoline,lexicore_only,C1,,,
tranquil,lexicore_only,C1,,,
tranquility,lexicore_only,C1,,,
trans,lexicore_only,A1,,,
transatlantic,lexicore_only,C1,,,
transcription,lexicore_only,C1,,,
trash,lexicore_only,B1,,,
traumatic,lexicore_only,C1,,,
traveler,lexicore_only,A2,,,
tray,lexicore_only,B2,,,
tread,lexicore_only,C1,,,
triangle,lexicore_only,B2,,,
tricky,lexicore_only,B2,,,
trivial,lexicore_only,B2,,,
trunk,lexicore_only,B2,,,
trying,lexicore_only,C1,,,
tub,lexicore_only,B2,,,
turkey,lexicore_only,A1,,,
turmoil,lexicore_only,C1,,,
turning,lexicore_only,B1,,,
turtle,lexicore_only,B1,,,
tutor,lexicore_only,B2,,,
twisted,lexicore_only,B2,,,
twitch,lexicore_only,C1,,,
tycoon,lexicore_only,C1,,,
tyranny,lexicore_only,B2,,,
unaware,lexicore_only,B2,,,
uncertain,lexicore_only,A2,,,
unchanged,lexicore_only,B2,,,
uncommon,lexicore_only,B2,,,
unconventional,lexicore_only,C1,,,
underneath,lexicore_only,B2,,,
understandable,lexicore_only,B2,,,
underwater,lexicore_only,A2,,,
uneasy,lexicore_only,A2,,,
unexpectedly,lexicore_only,B1,,,
unfavorable,lexicore_only,C1,,,
unforgettable,lexicore_only,A2,,,
uniformity,lexicore_only,C1,,,
unison,lexicore_only,C1,,,
unmanned,lexicore_only,C1,,,
unoccupied,lexicore_only,C1,,,
unreasonable,lexicore_only,B2,,,
unreliable,lexicore_only,B2,,,
unsettling,lexicore_only,C1,,,
unstable,lexicore_only,B2,,,
unsustainable,lexicore_only,C1,,,
unwavering,lexicore_only,C1,,,
upbringing,lexicore_only,B2,,,
upheaval,lexicore_only,C1,,,
uplift,lexicore_only,C1,,,
upright,lexicore_only,B2,,,
urgently,lexicore_only,B2,,,
usher,lexicore_only,C1,,,
utilization,lexicore_only,C1,,,
vacant,lexicore_only,B2,,,
valentine,lexicore_only,B2,,,
valuation,lexicore_only,C1,,,
variability,lexicore_only,C1,,,
variance,lexicore_only,C1,,,
variant,lexicore_only,C1,,,
vase,lexicore_only,A1,,,
vector,lexicore_only,B2,,,
vegetation,lexicore_only,C1,,,
velocity,lexicore_only,B2,,,
ventilation,lexicore_only,C1,,,
versatile,lexicore_only,C1,,,
versatility,lexicore_only,C1,,,
victorious,lexicore_only,C1,,,
villa,lexicore_only,B2,,,
violet,lexicore_only,C1,,,
virtually,lexicore_only,B2,,,
vitality,lexicore_only,C1,,,
vivid,lexicore_only,B1,,,
vocabulary,lexicore_only,A2,,,
volleyball,lexicore_only,A1,,,
voluntarily,lexicore_only,C1,,,
waist,lexicore_only,B2,,,
walker,lexicore_only,B2,,,
walking,lexicore_only,A2,,,
wallet,lexicore_only,A2,,,
wardrobe,lexicore_only,B1,,,
wares,lexicore_only,C1,,,
warmth,lexicore_only,B1,,,
wary,lexicore_only,C1,,,
was,lexicore_only,A1,,,
waterfall,lexicore_only,B1,,,
waterfront,lexicore_only,C1,,,
watershed,lexicore_only,C1,,,
wavelength,lexicore_only,C1,,,
wax,lexicore_only,B1,,,
wayside,lexicore_only,C1,,,
weeks,lexicore_only,A1,,,
were,lexicore_only,A1,,,
whale,lexicore_only,B1,,,
wheelchair,lexicore_only,A2,,,
wicked,lexicore_only,C1,,,
wilderness,lexicore_only,B2,,,
winding,lexicore_only,B2,,,
windy,lexicore_only,A2,,,
withdrawn,lexicore_only,C1,,,
withhold,lexicore_only,C1,,,
witty,lexicore_only,B2,,,
wolf,lexicore_only,B2,,,
woo,lexicore_only,C1,,,
wooded,lexicore_only,C1,,,
worn,lexicore_only,B1,,,
wrench,lexicore_only,C1,,,
wrongly,lexicore_only,B2,,,
yacht,lexicore_only,B2,,,
years,lexicore_only,A1,,,
yeast,lexicore_only,C1,,,
yogurt,lexicore_only,A1,,,
youthful,lexicore_only,B2,,,
zoo,lexicore_only,A1,,,
abolish,oxford_only,,C1,,
abortion,oxford_only,,C1,,
absorb,oxford_only,,B2,,
abstract,oxford_only,,B2,,
absurd,oxford_only,,C1,,
abundance,oxford_only,,C1,,
academy,oxford_only,,C1,,
accessible,oxford_only,,C1,,
accommodate,oxford_only,,B2,,
accomplish,oxford_only,,B2,,
accomplishment,oxford_only,,C1,,
accordance,oxford_only,,C1,,
accountable,oxford_only,,C1,,
accounting,oxford_only,,,,
accumulate,oxford_only,,C1,,
accuracy,oxford_only,,B2,,
accurate,oxford_only,,B2,,
accurately,oxford_only,,B2,,
accusation,oxford_only,,C1,,
accuse,oxford_only,,B2,,
accused,oxford_only,,C1,,
activation,oxford_only,,C1,,
activist,oxford_only,,C1,,
actress,oxford_only,,A1,,
ad,oxford_only,,B1,,
adapt,oxford_only,,B2,,
adaptation,oxford_only,,C1,,
addiction,oxford_only,,B2,,
additionally,oxford_only,,B2,,
adequate,oxford_only,,B2,,
adequately,oxford_only,,B2,,
adjacent,oxford_only,,C1,,
administrative,oxford_only,,C1,,
administrator,oxford_only,,C1,,
adverse,oxford_only,,C1,,
advertise,oxford_only,,A2,,
advertisement,oxford_only,,A2,,
advocate,oxford_only,,C1,,
affect,oxford_only,,A2,,
affordable,oxford_only,,B2,,
aftermath,oxford_only,,C1,,
agenda,oxford_only,,B2,,
aggression,oxford_only,,C1,,
agricultural,oxford_only,,C1,,
agriculture,oxford_only,,B2,,
ah,oxford_only,,A2,,
aide,oxford_only,,C1,,
aids,oxford_only,,B2,,
aircraft,oxford_only,,B2,,
albeit,oxford_only,,C1,,
allegedly,oxford_only,,C1,,
aluminium,oxford_only,,C1,,
amazed,oxford_only,,B1,,
ambulance,oxford_only,,B2,,
amend,oxford_only,,C1,,
amendment,oxford_only,,C1,,
amusing,oxford_only,,B2,,
analogy,oxford_only,,C1,,
analyse,oxford_only,,B1,,
ancestor,oxford_only,,B2,,
angrily,oxford_only,,,,
animation,oxford_only,,B2,,
annoy,oxford_only,,B1,,
annoyed,oxford_only,,B1,,
annually,oxford_only,,B2,,
anonymous,oxford_only,,C1,,
anticipate,oxford_only,,B2,,
anxiety,oxford_only,,B2,,
anyway,oxford_only,,A2,,
apologize,oxford_only,,B1,,
apology,oxford_only,,B2,,
app,oxford_only,,A2,,
apparatus,oxford_only,,C1,,
appealing,oxford_only,,C1,,
appetite,oxford_only,,C1,,
applaud,oxford_only,,C1,,
applicable,oxford_only,,C1,,
applicant,oxford_only,,B2,,
approach,oxford_only,,B2,,
appropriately,oxford_only,,B2,,
approximately,oxford_only,,B1,,
architect,oxford_only,,A2,,
architectural,oxford_only,,C1,,
archive,oxford_only,,C1,,
arise,oxford_only,,B2,,
arms,oxford_only,,B2,,
army,oxford_only,,A2,,
array,oxford_only,,C1,,
arrest,oxford_only,,B1,,
arrow,oxford_only,,B2,,
articulate,oxford_only,,C1,,
artwork,oxford_only,,B2,,
ashamed,oxford_only,,B2,,
asleep,oxford_only,,A2,,
aspiration,oxford_only,,C1,,
aspire,oxford_only,,C1,,
assassination,oxford_only,,C1,,
assert,oxford_only,,C1,,
assess,oxford_only,,B2,,
asset,oxford_only,,B2,,
assign,oxford_only,,B2,,
associated,oxford_only,,B2,,
assure,oxford_only,,B2,,
asylum,oxford_only,,C1,,
atrocity,oxford_only,,C1,,
attachment,oxford_only,,B2,,
attain,oxford_only,,C1,,
attorney,oxford_only,,C1,,
attribute,oxford_only,,C1,,
auction,oxford_only,,B2,,
audit,oxford_only,,C1,,
authentic,oxford_only,,C1,,
authorize,oxford_only,,C1,,
auto,oxford_only,,C1,,
availability,oxford_only,,C1,,
awareness,oxford_only,,B2,,
awful,oxford_only,,A2,,
backdrop,oxford_only,,C1,,
backing,oxford_only,,C1,,
bacteria,oxford_only,,B2,,
badge,oxford_only,,B2,,
bail,oxford_only,,C1,,
balanced,oxford_only,,B2,,
ballet,oxford_only,,B2,,
ballot,oxford_only,,C1,,
banner,oxford_only,,C1,,
based,oxford_only,,A2,,
bass,oxford_only,,C1,,
beg,oxford_only,,B2,,
behave,oxford_only,,A2,,
beneficial,oxford_only,,B2,,
beneficiary,oxford_only,,C1,,
bet,oxford_only,,B2,,
betray,oxford_only,,C1,,
bias,oxford_only,,B2,,
bin,oxford_only,,A2,,
biography,oxford_only,,C1,,
bishop,oxford_only,,C1,,
blame,oxford_only,,B2,,
bleed,oxford_only,,C1,,
bless,oxford_only,,C1,,
blog,oxford_only,,A1,,
bomb,oxford_only,,B1,,
bombing,oxford_only,,B2,,
bonus,oxford_only,,C1,,
booking,oxford_only,,B2,,
boost,oxford_only,,B2,,
bother,oxford_only,,B1,,
boundary,oxford_only,,C1,,
breach,oxford_only,,C1,,
breathing,oxford_only,,B1,,
briefly,oxford_only,,B2,,
broadband,oxford_only,,C1,,
broadcast,oxford_only,,B2,,
broadcaster,oxford_only,,B2,,
broadly,oxford_only,,B2,,
browser,oxford_only,,C1,,
brutal,oxford_only,,C1,,
buck,oxford_only,,C1,,
buddy,oxford_only,,C1,,
bullet,oxford_only,,B2,,
bunch,oxford_only,,B2,,
bureaucracy,oxford_only,,C1,,
bury,oxford_only,,B1,,
businessman,oxford_only,,A2,,
calculate,oxford_only,,B2,,
calculation,oxford_only,,C1,,
calm,oxford_only,,B1,,
canal,oxford_only,,B2,,
cancel,oxford_only,,B2,,
cannot,oxford_only,,A1,,
canvas,oxford_only,,C1,,
capitalism,oxford_only,,C1,,
capitalist,oxford_only,,C1,,
carbon,oxford_only,,B2,,
career,oxford_only,,A1,,
careless,oxford_only,,B1,,
cargo,oxford_only,,C1,,
carpet,oxford_only,,A2,,
carriage,oxford_only,,C1,,
casino,oxford_only,,C1,,
casual,oxford_only,,B2,,
casualty,oxford_only,,C1,,
catalogue,oxford_only,,C1,,
category,oxford_only,,B1,,
cater,oxford_only,,C1,,
cautious,oxford_only,,C1,,
cemetery,oxford_only,,C1,,
certainty,oxford_only,,B2,,
challenging,oxford_only,,B2,,
chamber,oxford_only,,C1,,
champion,oxford_only,,B1,,
championship,oxford_only,,B2,,
characteristic,oxford_only,,B2,,
characterize,oxford_only,,C1,,
chat,oxford_only,,A2,,
cheat,oxford_only,,B1,,
cheerful,oxford_only,,B1,,
choir,oxford_only,,B2,,
chop,oxford_only,,B2,,
chronic,oxford_only,,C1,,
chunk,oxford_only,,C1,,
cigarette,oxford_only,,A2,,
citizenship,oxford_only,,C1,,
civic,oxford_only,,C1,,
civilian,oxford_only,,C1,,
clarity,oxford_only,,C1,,
clash,oxford_only,,C1,,
classical,oxford_only,,A2,,
classification,oxford_only,,C1,,
classify,oxford_only,,B2,,
cleaning,oxford_only,,,,
click,oxford_only,,B1,,
cliff,oxford_only,,B2,,
climate,oxford_only,,A2,,
cling,oxford_only,,C1,,
cluster,oxford_only,,C1,,
coalition,oxford_only,,C1,,
coastal,oxford_only,,C1,,
cognitive,oxford_only,,C1,,
coincide,oxford_only,,C1,,
coincidence,oxford_only,,B2,,
collision,oxford_only,,C1,,
colonial,oxford_only,,C1,,
colony,oxford_only,,B2,,
coloured,oxford_only,,B1,,
columnist,oxford_only,,C1,,
combat,oxford_only,,C1,,
comedy,oxford_only,,A2,,
commander,oxford_only,,B2,,
commence,oxford_only,,C1,,
comment,oxford_only,,A2,,
commentator,oxford_only,,C1,,
commissioner,oxford_only,,C1,,
commodity,oxford_only,,C1,,
commonly,oxford_only,,B2,,
communist,oxford_only,,C1,,
compelling,oxford_only,,C1,,
competence,oxford_only,,C1,,
competitive,oxford_only,,B1,,
compile,oxford_only,,C1,,
complement,oxford_only,,C1,,
component,oxford_only,,B2,,
composer,oxford_only,,B2,,
composition,oxford_only,,C1,,
comprehensive,oxford_only,,B2,,
compulsory,oxford_only,,B2,,
compute,oxford_only,,C1,,
concede,oxford_only,,C1,,
conclude,oxford_only,,B1,,
confess,oxford_only,,B2,,
confession,oxford_only,,C1,,
confine,oxford_only,,C1,,
confirm,oxford_only,,B1,,
confrontation,oxford_only,,C1,,
congratulate,oxford_only,,C1,,
congregation,oxford_only,,C1,,
congressional,oxford_only,,C1,,
connect,oxford_only,,A2,,
connected,oxford_only,,A2,,
conscience,oxford_only,,C1,,
consecutive,oxford_only,,C1,,
consent,oxford_only,,C1,,
consequently,oxford_only,,B2,,
conservation,oxford_only,,B2,,
conservative,oxford_only,,B2,,
consistency,oxford_only,,C1,,
consistently,oxford_only,,B2,,
conspiracy,oxford_only,,B2,,
constituency,oxford_only,,C1,,
constitution,oxford_only,,C1,,
constitutional,oxford_only,,C1,,
construct,oxford_only,,B2,,
consult,oxford_only,,B2,,
consume,oxford_only,,B1,,
consumer,oxford_only,,B1,,
consumption,oxford_only,,B2,,
contender,oxford_only,,C1,,
content,oxford_only,,C1,,
contention,oxford_only,,C1,,
continually,oxford_only,,C1,,
continuous,oxford_only,,B1,,
contradiction,oxford_only,,C1,,
contribute,oxford_only,,B2,,
contributor,oxford_only,,C1,,
controversial,oxford_only,,B2,,
controversy,oxford_only,,B2,,
convey,oxford_only,,B2,,
convincing,oxford_only,,B2,,
cooker,oxford_only,,A2,,
coordination,oxford_only,,C1,,
coordinator,oxford_only,,C1,,
copyright,oxford_only,,C1,,
correction,oxford_only,,C1,,
correspondent,oxford_only,,C1,,
costly,oxford_only,,C1,,
council,oxford_only,,B2,,
councillor,oxford_only,,C1,,
counselling,oxford_only,,C1,,
counsellor,oxford_only,,C1,,
countless,oxford_only,,C1,,
county,oxford_only,,B2,,
coup,oxford_only,,C1,,
covered,oxford_only,,B1,,
crazy,oxford_only,,A2,,
creep,oxford_only,,C1,,
criterion,oxford_only,,B2,,
critic,oxford_only,,B2,,
critically,oxford_only,,B2,,
crucial,oxford_only,,B2,,
cruel,oxford_only,,B1,,
cult,oxford_only,,C1,,
cultivate,oxford_only,,C1,,
cultural,oxford_only,,B1,,
cupboard,oxford_only,,A2,,
curly,oxford_only,,A2,,
currency,oxford_only,,B1,,
curriculum,oxford_only,,B2,,
curtain,oxford_only,,B1,,
curved,oxford_only,,B2,,
custody,oxford_only,,C1,,
cutting,oxford_only,,C1,,
dairy,oxford_only,,B2,,
damaging,oxford_only,,C1,,
dare,oxford_only,,B2,,
dealer,oxford_only,,B2,,
debris,oxford_only,,C1,,
decrease,oxford_only,,B2,,
dedicated,oxford_only,,C1,,
deem,oxford_only,,C1,,
default,oxford_only,,C1,,
defeat,oxford_only,,B2,,
defender,oxford_only,,B2,,
defensive,oxford_only,,C1,,
deficiency,oxford_only,,C1,,
deficit,oxford_only,,C1,,
define,oxford_only,,B1,,
definitely,oxford_only,,A2,,
defy,oxford_only,,C1,,
delegate,oxford_only,,C1,,
delegation,oxford_only,,C1,,
delete,oxford_only,,B2,,
delighted,oxford_only,,B2,,
delivery,oxford_only,,B2,,
democratic,oxford_only,,B2,,
demon,oxford_only,,C1,,
demonstrate,oxford_only,,B2,,
denial,oxford_only,,C1,,
denounce,oxford_only,,C1,,
density,oxford_only,,C1,,
deploy,oxford_only,,C1,,
deployment,oxford_only,,C1,,
deposit,oxford_only,,B2,,
depressed,oxford_only,,B2,,
depressing,oxford_only,,B2,,
depression,oxford_only,,B2,,
deprive,oxford_only,,C1,,
deputy,oxford_only,,C1,,
derive,oxford_only,,B2,,
deserve,oxford_only,,B2,,
desktop,oxford_only,,C1,,
destructive,oxford_only,,C1,,
detain,oxford_only,,C1,,
detect,oxford_only,,B2,,
detection,oxford_only,,C1,,
detective,oxford_only,,A2,,
detention,oxford_only,,C1,,
determine,oxford_only,,B1,,
devastate,oxford_only,,C1,,
devil,oxford_only,,C1,,
diagnosis,oxford_only,,C1,,
diagram,oxford_only,,B1,,
dictator,oxford_only,,C1,,
differ,oxford_only,,B2,,
digital,oxford_only,,A2,,
diplomat,oxford_only,,C1,,
diplomatic,oxford_only,,C1,,
directory,oxford_only,,C1,,
disability,oxford_only,,B2,,
disabled,oxford_only,,B2,,
disagreement,oxford_only,,B2,,
disappoint,oxford_only,,B2,,
disastrous,oxford_only,,C1,,
disc,oxford_only,,B2,,
disclose,oxford_only,,C1,,
disclosure,oxford_only,,C1,,
discount,oxford_only,,B1,,
discourage,oxford_only,,B2,,
discretion,oxford_only,,C1,,
discrimination,oxford_only,,C1,,
disease,oxford_only,,A2,,
dishonest,oxford_only,,B2,,
disk,oxford_only,,B2,,
dismissal,oxford_only,,C1,,
disorder,oxford_only,,B2,,
displace,oxford_only,,C1,,
dispose,oxford_only,,C1,,
disrupt,oxford_only,,C1,,
disruption,oxford_only,,C1,,
dissolve,oxford_only,,C1,,
distinct,oxford_only,,B2,,
distinctive,oxford_only,,C1,,
distort,oxford_only,,C1,,
distress,oxford_only,,C1,,
district,oxford_only,,B2,,
disturb,oxford_only,,B2,,
disturbing,oxford_only,,C1,,
diverse,oxford_only,,B2,,
divert,oxford_only,,C1,,
division,oxford_only,,B2,,
divorced,oxford_only,,A2,,
doctrine,oxford_only,,C1,,
documentary,oxford_only,,B1,,
documentation,oxford_only,,C1,,
donate,oxford_only,,B1,,
download,oxford_only,,A2,,
downstairs,oxford_only,,A2,,
downwards,oxford_only,,B2,,
dramatically,oxford_only,,B2,,
driving,oxford_only,,C1,,
drought,oxford_only,,B2,,
drown,oxford_only,,C1,,
drunk,oxford_only,,B1,,
dual,oxford_only,,C1,,
dub,oxford_only,,C1,,
dumb,oxford_only,,C1,,
dump,oxford_only,,B2,,
duo,oxford_only,,C1,,
eastern,oxford_only,,B1,,
echo,oxford_only,,C1,,
ecological,oxford_only,,C1,,
economist,oxford_only,,B2,,
edit,oxford_only,,B2,,
edition,oxford_only,,B2,,
editorial,oxford_only,,B2,,
educate,oxford_only,,B1,,
educated,oxford_only,,B1,,
educator,oxford_only,,C1,,
effective,oxford_only,,B1,,
effectively,oxford_only,,B1,,
effectiveness,oxford_only,,C1,,
efficiency,oxford_only,,C1,,
efficient,oxford_only,,B2,,
efficiently,oxford_only,,B2,,
elect,oxford_only,,B2,,
election,oxford_only,,B1,,
electoral,oxford_only,,C1,,
email,oxford_only,,A1,,
embarrassed,oxford_only,,B1,,
embarrassing,oxford_only,,B1,,
embarrassment,oxford_only,,C1,,
embody,oxford_only,,C1,,
embrace,oxford_only,,B2,,
emerge,oxford_only,,B2,,
emergence,oxford_only,,C1,,
emotional,oxford_only,,B2,,
emotionally,oxford_only,,B2,,
emphasis,oxford_only,,B2,,
emphasize,oxford_only,,B2,,
empire,oxford_only,,B2,,
employer,oxford_only,,A2,,
enable,oxford_only,,B2,,
encouraging,oxford_only,,C1,,
endeavour,oxford_only,,C1,,
endorse,oxford_only,,C1,,
engage,oxford_only,,B2,,
engaging,oxford_only,,C1,,
enhance,oxford_only,,B2,,
enjoyable,oxford_only,,B2,,
enquire,oxford_only,,C1,,
enquiry,oxford_only,,B2,,
enrich,oxford_only,,C1,,
enrol,oxford_only,,C1,,
ensue,oxford_only,,C1,,
ensure,oxford_only,,B2,,
enthusiast,oxford_only,,C1,,
entitle,oxford_only,,C1,,
environmental,oxford_only,,B1,,
epidemic,oxford_only,,C1,,
equation,oxford_only,,C1,,
equip,oxford_only,,B2,,
equivalent,oxford_only,,B2,,
erect,oxford_only,,C1,,
erupt,oxford_only,,B2,,
escalate,oxford_only,,C1,,
essence,oxford_only,,C1,,
essential,oxford_only,,B1,,
ethic,oxford_only,,B2,,
ethnic,oxford_only,,B2,,
euro,oxford_only,,A1,,
evacuate,oxford_only,,C1,,
evaluate,oxford_only,,B2,,
eventually,oxford_only,,B1,,
evident,oxford_only,,B2,,
evolutionary,oxford_only,,C1,,
evolve,oxford_only,,B2,,
exaggerate,oxford_only,,C1,,
excess,oxford_only,,C1,,
excessive,oxford_only,,B2,,
exclude,oxford_only,,B2,,
exclusion,oxford_only,,C1,,
exclusive,oxford_only,,C1,,
exile,oxford_only,,C1,,
expectation,oxford_only,,B2,,
expenditure,oxford_only,,C1,,
experimental,oxford_only,,C1,,
expertise,oxford_only,,B2,,
explode,oxford_only,,B1,,
exploration,oxford_only,,B2,,
exposure,oxford_only,,B2,,
extensively,oxford_only,,B2,,
external,oxford_only,,B2,,
facilitate,oxford_only,,C1,,
failed,oxford_only,,B2,,
fairness,oxford_only,,C1,,
farming,oxford_only,,A2,,
fasten,oxford_only,,B1,,
favourable,oxford_only,,C1,,
feat,oxford_only,,C1,,
feeding,oxford_only,,,,
feminist,oxford_only,,C1,,
fibre,oxford_only,,C1,,
fifth,oxford_only,,A1,,
filter,oxford_only,,C1,,
firearm,oxford_only,,C1,,
firefighter,oxford_only,,B2,,
firework,oxford_only,,B2,,
fitness,oxford_only,,B1,,
flavour,oxford_only,,B2,,
flawed,oxford_only,,C1,,
flexibility,oxford_only,,C1,,
flexible,oxford_only,,B2,,
flu,oxford_only,,A2,,
flying,oxford_only,,A2,,
folding,oxford_only,,B2,,
fond,oxford_only,,B2,,
fool,oxford_only,,B2,,
footage,oxford_only,,C1,,
forbid,oxford_only,,B2,,
forecast,oxford_only,,B2,,
forge,oxford_only,,C1,,
forgive,oxford_only,,B2,,
format,oxford_only,,B2,,
formation,oxford_only,,B2,,
former,oxford_only,,B2,,
formerly,oxford_only,,B2,,
fortunate,oxford_only,,B2,,
forum,oxford_only,,B2,,
foster,oxford_only,,C1,,
founder,oxford_only,,B2,,
fourth,oxford_only,,A1,,
fragile,oxford_only,,C1,,
fragment,oxford_only,,B2,,
framework,oxford_only,,B2,,
franchise,oxford_only,,C1,,
frankly,oxford_only,,C1,,
frequent,oxford_only,,B2,,
frighten,oxford_only,,B1,,
frightened,oxford_only,,B1,,
frustrating,oxford_only,,C1,,
frustration,oxford_only,,C1,,
functional,oxford_only,,C1,,
fundamental,oxford_only,,B2,,
funding,oxford_only,,B2,,
fundraising,oxford_only,,C1,,
furthermore,oxford_only,,B2,,
gallon,oxford_only,,C1,,
gaming,oxford_only,,B2,,
gathering,oxford_only,,C1,,
gene,oxford_only,,B2,,
generate,oxford_only,,B2,,
generic,oxford_only,,C1,,
genetic,oxford_only,,B2,,
genocide,oxford_only,,C1,,
gentleman,oxford_only,,B1,,
genuinely,oxford_only,,B2,,
geography,oxford_only,,A1,,
glimpse,oxford_only,,C1,,
global,oxford_only,,B1,,
go,oxford_only,,B1,,
goodbye,oxford_only,,A1,,
goodness,oxford_only,,B2,,
gorgeous,oxford_only,,B2,,
governance,oxford_only,,C1,,
governor,oxford_only,,B2,,
grandparent,oxford_only,,A1,,
graphic,oxford_only,,B2,,
graphics,oxford_only,,B2,,
grasp,oxford_only,,C1,,
greenhouse,oxford_only,,B2,,
grin,oxford_only,,C1,,
grind,oxford_only,,C1,,
grocery,oxford_only,,B2,,
growth,oxford_only,,B1,,
guerrilla,oxford_only,,C1,,
guess,oxford_only,,A1,,
guidance,oxford_only,,C1,,
guide,oxford_only,,A2,,
guideline,oxford_only,,B2,,
guilty,oxford_only,,B1,,
habitat,oxford_only,,B2,,
hail,oxford_only,,C1,,
halfway,oxford_only,,C1,,
halt,oxford_only,,C1,,
handful,oxford_only,,C1,,
handling,oxford_only,,C1,,
hang,oxford_only,,B1,,
harbour,oxford_only,,B2,,
harmful,oxford_only,,B2,,
harsh,oxford_only,,C1,,
hate,oxford_only,,B1,,
haunt,oxford_only,,C1,,
healthcare,oxford_only,,B2,,
heighten,oxford_only,,C1,,
hell,oxford_only,,B2,,
hey,oxford_only,,A1,,
highlight,oxford_only,,B1,,
hilarious,oxford_only,,B2,,
hint,oxford_only,,C1,,
historian,oxford_only,,B2,,
historic,oxford_only,,B1,,
hockey,oxford_only,,A2,,
homeland,oxford_only,,C1,,
hopeful,oxford_only,,C1,,
hopefully,oxford_only,,B2,,
horn,oxford_only,,C1,,
horrible,oxford_only,,B1,,
hostage,oxford_only,,C1,,
housing,oxford_only,,B2,,
humanitarian,oxford_only,,C1,,
humorous,oxford_only,,B2,,
hurricane,oxford_only,,B1,,
hurt,oxford_only,,A2,,
hydrogen,oxford_only,,C1,,
hypothesis,oxford_only,,B2,,
icon,oxford_only,,B2,,
id,oxford_only,,B2,,
ideological,oxford_only,,C1,,
ideology,oxford_only,,C1,,
idiot,oxford_only,,C1,,
illustrate,oxford_only,,B2,,
imagery,oxford_only,,C1,,
imminent,oxford_only,,C1,,
immune,oxford_only,,B2,,
impatient,oxford_only,,B2,,
implement,oxford_only,,B2,,
implementation,oxford_only,,C1,,
implication,oxford_only,,B2,,
import,oxford_only,,B1,,
imprison,oxford_only,,C1,,
imprisonment,oxford_only,,C1,,
inability,oxford_only,,C1,,
inadequate,oxford_only,,C1,,
inappropriate,oxford_only,,C1,,
inclined,oxford_only,,C1,,
included,oxford_only,,A2,,
income,oxford_only,,B2,,
incorporate,oxford_only,,B2,,
incorrect,oxford_only,,B2,,
increasingly,oxford_only,,B2,,
incredibly,oxford_only,,B1,,
incur,oxford_only,,C1,,
index,oxford_only,,B2,,
indication,oxford_only,,B2,,
indictment,oxford_only,,C1,,
indigenous,oxford_only,,C1,,
indirect,oxford_only,,B1,,
indoors,oxford_only,,B1,,
inevitably,oxford_only,,B2,,
infamous,oxford_only,,C1,,
infect,oxford_only,,C1,,
infection,oxford_only,,B2,,
infer,oxford_only,,B2,,
inflation,oxford_only,,B2,,
inflict,oxford_only,,C1,,
info,oxford_only,,B2,,
infrastructure,oxford_only,,B2,,
ingredient,oxford_only,,B1,,
inhabitant,oxford_only,,B2,,
initially,oxford_only,,B2,,
inject,oxford_only,,C1,,
injure,oxford_only,,B1,,
inmate,oxford_only,,C1,,
innocent,oxford_only,,B1,,
input,oxford_only,,B2,,
insert,oxford_only,,B2,,
insertion,oxford_only,,C1,,
insider,oxford_only,,C1,,
insight,oxford_only,,B2,,
insist,oxford_only,,B2,,
inspect,oxford_only,,C1,,
inspector,oxford_only,,B2,,
inspire,oxford_only,,B2,,
install,oxford_only,,B2,,
installation,oxford_only,,B2,,
institutional,oxford_only,,C1,,
instruct,oxford_only,,C1,,
instrumental,oxford_only,,C1,,
insult,oxford_only,,C1,,
intact,oxford_only,,C1,,
intake,oxford_only,,C1,,
integrate,oxford_only,,B2,,
integrated,oxford_only,,C1,,
integration,oxford_only,,C1,,
integrity,oxford_only,,C1,,
intend,oxford_only,,B1,,
intended,oxford_only,,B2,,
intensive,oxford_only,,C1,,
interact,oxford_only,,B2,,
interaction,oxford_only,,B2,,
interactive,oxford_only,,C1,,
interface,oxford_only,,C1,,
interference,oxford_only,,C1,,
interim,oxford_only,,C1,,
intermediate,oxford_only,,C1,,
interpret,oxford_only,,B2,,
interrupt,oxford_only,,B2,,
intervention,oxford_only,,C1,,
intriguing,oxford_only,,C1,,
invasion,oxford_only,,B2,,
invest,oxford_only,,B1,,
investor,oxford_only,,B2,,
invoke,oxford_only,,C1,,
involve,oxford_only,,A2,,
ironic,oxford_only,,C1,,
ironically,oxford_only,,C1,,
irrelevant,oxford_only,,C1,,
isolation,oxford_only,,C1,,
jail,oxford_only,,B2,,
jazz,oxford_only,,A2,,
joke,oxford_only,,A2,,
journalist,oxford_only,,A2,,
judicial,oxford_only,,C1,,
junction,oxford_only,,C1,,
justification,oxford_only,,C1,,
keyboard,oxford_only,,B1,,
kidnap,oxford_only,,C1,,
kidney,oxford_only,,C1,,
kilometre,oxford_only,,A1,,
knock,oxford_only,,B1,,
label,oxford_only,,B1,,
lad,oxford_only,,C1,,
landmark,oxford_only,,C1,,
laptop,oxford_only,,A2,,
largely,oxford_only,,B2,,
lately,oxford_only,,B2,,
latter,oxford_only,,C1,,
laugh,oxford_only,,A1,,
laughter,oxford_only,,A2,,
layer,oxford_only,,B1,,
layout,oxford_only,,C1,,
leaflet,oxford_only,,B2,,
league,oxford_only,,B2,,
legislative,oxford_only,,C1,,
legislature,oxford_only,,C1,,
lens,oxford_only,,B2,,
lesbian,oxford_only,,C1,,
lesser,oxford_only,,C1,,
lethal,oxford_only,,C1,,
liberal,oxford_only,,C1,,
liberation,oxford_only,,C1,,
lie,oxford_only,,B1,,
lifelong,oxford_only,,C1,,
limitation,oxford_only,,B2,,
linger,oxford_only,,C1,,
link,oxford_only,,A2,,
listing,oxford_only,,C1,,
literacy,oxford_only,,C1,,
literary,oxford_only,,B2,,
litre,oxford_only,,B2,,
liver,oxford_only,,C1,,
located,oxford_only,,B1,,
log,oxford_only,,C1,,
logo,oxford_only,,B2,,
lord,oxford_only,,B2,,
lorry,oxford_only,,A2,,
loudly,oxford_only,,A2,,
luxury,oxford_only,,B1,,
lyric,oxford_only,,B2,,
magistrate,oxford_only,,C1,,
magnitude,oxford_only,,C1,,
mainland,oxford_only,,C1,,
mainstream,oxford_only,,C1,,
maintain,oxford_only,,B2,,
maintenance,oxford_only,,C1,,
making,oxford_only,,B2,,
male,oxford_only,,A2,,
mandate,oxford_only,,C1,,
mandatory,oxford_only,,C1,,
manifest,oxford_only,,C1,,
manipulate,oxford_only,,C1,,
marathon,oxford_only,,B2,,
marketing,oxford_only,,B1,,
marketplace,oxford_only,,C1,,
marry,oxford_only,,A2,,
martial,oxford_only,,B2,,
massacre,oxford_only,,C1,,
matching,oxford_only,,B2,,
mathematical,oxford_only,,C1,,
mathematics,oxford_only,,A2,,
mayor,oxford_only,,B2,,
meaningful,oxford_only,,C1,,
meantime,oxford_only,,C1,,
measurement,oxford_only,,B2,,
medal,oxford_only,,B2,,
medication,oxford_only,,B2,,
medieval,oxford_only,,C1,,
meditation,oxford_only,,C1,,
membership,oxford_only,,B2,,
memo,oxford_only,,C1,,
memoir,oxford_only,,C1,,
mental,oxford_only,,B1,,
menu,oxford_only,,A1,,
merchant,oxford_only,,C1,,
merger,oxford_only,,C1,,
merit,oxford_only,,C1,,
mess,oxford_only,,B1,,
metaphor,oxford_only,,B2,,
metre,oxford_only,,A1,,
mild,oxford_only,,B1,,
militant,oxford_only,,C1,,
militia,oxford_only,,C1,,
mine,oxford_only,,B1,,
miner,oxford_only,,B2,,
minimal,oxford_only,,C1,,
minimize,oxford_only,,C1,,
mining,oxford_only,,C1,,
ministry,oxford_only,,C1,,
minority,oxford_only,,B2,,
miracle,oxford_only,,C1,,
miserable,oxford_only,,B2,,
misery,oxford_only,,C1,,
misleading,oxford_only,,C1,,
mixed,oxford_only,,B2,,
mob,oxford_only,,C1,,
mobility,oxford_only,,C1,,
mobilize,oxford_only,,C1,,
mode,oxford_only,,B2,,
moderate,oxford_only,,C1,,
modify,oxford_only,,B2,,
momentum,oxford_only,,C1,,
monitor,oxford_only,,B2,,
monk,oxford_only,,C1,,
monument,oxford_only,,B2,,
moreover,oxford_only,,B2,,
mosque,oxford_only,,B2,,
motivate,oxford_only,,B2,,
motivation,oxford_only,,B2,,
motive,oxford_only,,C1,,
motorist,oxford_only,,C1,,
mount,oxford_only,,B2,,
multiply,oxford_only,,B2,,
municipal,oxford_only,,C1,,
muscle,oxford_only,,B1,,
narrative,oxford_only,,B1,,
nasty,oxford_only,,B2,,
naval,oxford_only,,C1,,
navigation,oxford_only,,B2,,
negotiation,oxford_only,,B2,,
neighbourhood,oxford_only,,B1,,
neighbouring,oxford_only,,C1,,
newsletter,oxford_only,,C1,,
nobody,oxford_only,,A1,,
nod,oxford_only,,C1,,
nominate,oxford_only,,C1,,
nomination,oxford_only,,C1,,
nominee,oxford_only,,C1,,
nonetheless,oxford_only,,C1,,
nonsense,oxford_only,,C1,,
northern,oxford_only,,B1,,
notably,oxford_only,,C1,,
notify,oxford_only,,C1,,
novelist,oxford_only,,B2,,
nowhere,oxford_only,,A2,,
numerous,oxford_only,,B2,,
nursing,oxford_only,,B2,,
nutrition,oxford_only,,B2,,
obesity,oxford_only,,B2,,
obey,oxford_only,,B2,,
objection,oxford_only,,C1,,
oblige,oxford_only,,C1,,
obsess,oxford_only,,C1,,
obviously,oxford_only,,B1,,
occur,oxford_only,,B1,,
odds,oxford_only,,C1,,
offend,oxford_only,,B2,,
offender,oxford_only,,B2,,
offensive,oxford_only,,B2,,
offering,oxford_only,,C1,,
oh,oxford_only,,A1,,
ongoing,oxford_only,,B2,,
operational,oxford_only,,C1,,
opposed,oxford_only,,B2,,
opposition,oxford_only,,B2,,
opt,oxford_only,,C1,,
optical,oxford_only,,C1,,
optimism,oxford_only,,C1,,
option,oxford_only,,A2,,
orchestra,oxford_only,,B2,,
organic,oxford_only,,B2,,
organizer,oxford_only,,B1,,
originally,oxford_only,,B1,,
originate,oxford_only,,C1,,
ought,oxford_only,,B1,,
outbreak,oxford_only,,C1,,
outdoor,oxford_only,,B1,,
outdoors,oxford_only,,B1,,
outlet,oxford_only,,C1,,
outlook,oxford_only,,C1,,
overcome,oxford_only,,B2,,
overturn,oxford_only,,C1,,
overwhelm,oxford_only,,C1,,
overwhelming,oxford_only,,C1,,
owe,oxford_only,,B2,,
ownership,oxford_only,,B2,,
oxygen,oxford_only,,B2,,
package,oxford_only,,B1,,
painter,oxford_only,,A2,,
parallel,oxford_only,,B2,,
parental,oxford_only,,C1,,
parish,oxford_only,,C1,,
parliament,oxford_only,,B2,,
parliamentary,oxford_only,,C1,,
partially,oxford_only,,C1,,
participant,oxford_only,,B2,,
passing,oxford_only,,C1,,
passive,oxford_only,,C1,,
password,oxford_only,,B2,,
patent,oxford_only,,C1,,
patrol,oxford_only,,C1,,
pause,oxford_only,,B2,,
peak,oxford_only,,C1,,
peculiar,oxford_only,,C1,,
penny,oxford_only,,A2,,
perceive,oxford_only,,B2,,
perception,oxford_only,,B2,,
persist,oxford_only,,C1,,
personnel,oxford_only,,C1,,
persuade,oxford_only,,B1,,
petition,oxford_only,,C1,,
phenomenon,oxford_only,,B2,,
philosopher,oxford_only,,C1,,
philosophical,oxford_only,,C1,,
pin,oxford_only,,B1,,
pipeline,oxford_only,,C1,,
pity,oxford_only,,B2,,
placement,oxford_only,,B2,,
plea,oxford_only,,C1,,
plead,oxford_only,,C1,,
pledge,oxford_only,,C1,,
poet,oxford_only,,B1,,
pointed,oxford_only,,B2,,
poison,oxford_only,,B1,,
poisonous,oxford_only,,B1,,
policeman,oxford_only,,A1,,
policy,oxford_only,,B1,,
politician,oxford_only,,B1,,
poll,oxford_only,,C1,,
population,oxford_only,,A2,,
portfolio,oxford_only,,C1,,
postpone,oxford_only,,C1,,
potentially,oxford_only,,B2,,
poverty,oxford_only,,B1,,
precede,oxford_only,,B2,,
precedent,oxford_only,,C1,,
predator,oxford_only,,C1,,
pregnancy,oxford_only,,C1,,
premium,oxford_only,,C1,,
prescribe,oxford_only,,C1,,
prescription,oxford_only,,C1,,
presently,oxford_only,,C1,,
preservation,oxford_only,,C1,,
preside,oxford_only,,C1,,
presidency,oxford_only,,C1,,
presidential,oxford_only,,C1,,
presume,oxford_only,,C1,,
pretend,oxford_only,,B1,,
prevention,oxford_only,,C1,,
prey,oxford_only,,C1,,
priest,oxford_only,,B1,,
primarily,oxford_only,,B2,,
printing,oxford_only,,B1,,
prisoner,oxford_only,,B1,,
privacy,oxford_only,,B2,,
probability,oxford_only,,B2,,
probe,oxford_only,,C1,,
proceeding,oxford_only,,C1,,
proceeds,oxford_only,,C1,,
processing,oxford_only,,C1,,
proclaim,oxford_only,,C1,,
producer,oxford_only,,B1,,
productive,oxford_only,,C1,,
productivity,oxford_only,,C1,,
prohibit,oxford_only,,B2,,
prominent,oxford_only,,C1,,
promising,oxford_only,,B2,,
promote,oxford_only,,B1,,
prompt,oxford_only,,B2,,
pronounce,oxford_only,,A2,,
pronounced,oxford_only,,C1,,
propaganda,oxford_only,,C1,,
proportion,oxford_only,,B2,,
prosecute,oxford_only,,C1,,
prosecution,oxford_only,,C1,,
prosecutor,oxford_only,,C1,,
prosperity,oxford_only,,C1,,
protective,oxford_only,,C1,,
protein,oxford_only,,B2,,
protester,oxford_only,,B2,,
protocol,oxford_only,,C1,,
province,oxford_only,,C1,,
provincial,oxford_only,,C1,,
pub,oxford_only,,A2,,
publishing,oxford_only,,B2,,
punish,oxford_only,,B1,,
punk,oxford_only,,B2,,
qualification,oxford_only,,B1,,
quality,oxford_only,,A2,,
quantity,oxford_only,,A2,,
questionnaire,oxford_only,,B2,,
queue,oxford_only,,B1,,
quit,oxford_only,,B1,,
quota,oxford_only,,C1,,
quotation,oxford_only,,B1,,
quote,oxford_only,,B1,,
racial,oxford_only,,B2,,
racing,oxford_only,,B1,,
racism,oxford_only,,B2,,
racist,oxford_only,,B2,,
radiation,oxford_only,,B2,,
raid,oxford_only,,C1,,
rail,oxford_only,,B2,,
railway,oxford_only,,A2,,
random,oxford_only,,B2,,
rank,oxford_only,,B2,,
ranking,oxford_only,,C1,,
ratio,oxford_only,,C1,,
readily,oxford_only,,C1,,
realization,oxford_only,,C1,,
realm,oxford_only,,C1,,
reasoning,oxford_only,,C1,,
rebellion,oxford_only,,C1,,
receiver,oxford_only,,B2,,
reception,oxford_only,,A2,,
recession,oxford_only,,B2,,
recipe,oxford_only,,A2,,
recipient,oxford_only,,C1,,
reckon,oxford_only,,B2,,
recommend,oxford_only,,A2,,
reconstruction,oxford_only,,C1,,
recording,oxford_only,,A2,,
recount,oxford_only,,C1,,
recovery,oxford_only,,B2,,
recruitment,oxford_only,,B2,,
recycle,oxford_only,,A2,,
reduce,oxford_only,,A2,,
reduction,oxford_only,,B2,,
referee,oxford_only,,B2,,
referendum,oxford_only,,C1,,
reflection,oxford_only,,C1,,
refuse,oxford_only,,A2,,
register,oxford_only,,B2,,
registration,oxford_only,,B2,,
regret,oxford_only,,B2,,
regulate,oxford_only,,B2,,
regulator,oxford_only,,C1,,
regulatory,oxford_only,,C1,,
rehabilitation,oxford_only,,C1,,
reign,oxford_only,,C1,,
reinforce,oxford_only,,B2,,
relate,oxford_only,,B1,,
relatively,oxford_only,,B2,,
relaxing,oxford_only,,B1,,
relevance,oxford_only,,C1,,
reliable,oxford_only,,B1,,
rely,oxford_only,,B2,,
remainder,oxford_only,,C1,,
remedy,oxford_only,,C1,,
reminder,oxford_only,,C1,,
removal,oxford_only,,C1,,
renew,oxford_only,,C1,,
renowned,oxford_only,,C1,,
rental,oxford_only,,C1,,
repeated,oxford_only,,B1,,
reply,oxford_only,,A2,,
reportedly,oxford_only,,C1,,
reporting,oxford_only,,B2,,
representation,oxford_only,,C1,,
reproduce,oxford_only,,C1,,
republic,oxford_only,,C1,,
require,oxford_only,,B1,,
requirement,oxford_only,,B2,,
researcher,oxford_only,,A2,,
resemble,oxford_only,,C1,,
reside,oxford_only,,C1,,
residential,oxford_only,,C1,,
resign,oxford_only,,B2,,
resignation,oxford_only,,C1,,
resource,oxford_only,,B1,,
respective,oxford_only,,C1,,
respectively,oxford_only,,C1,,
restraint,oxford_only,,C1,,
restrict,oxford_only,,B2,,
resume,oxford_only,,C1,,
retail,oxford_only,,B2,,
revise,oxford_only,,B1,,
revision,oxford_only,,B2,,
revival,oxford_only,,C1,,
rhetoric,oxford_only,,C1,,
rid,oxford_only,,B2,,
ridiculous,oxford_only,,B2,,
rifle,oxford_only,,C1,,
riot,oxford_only,,C1,,
rip,oxford_only,,C1,,
robbery,oxford_only,,B2,,
rod,oxford_only,,C1,,
rotation,oxford_only,,C1,,
routine,oxford_only,,B2,,
rubbish,oxford_only,,A2,,
rugby,oxford_only,,B1,,
ruin,oxford_only,,B2,,
ruling,oxford_only,,C1,,
rumour,oxford_only,,C1,,
rural,oxford_only,,B2,,
sack,oxford_only,,C1,,
saint,oxford_only,,C1,,
sake,oxford_only,,C1,,
sanction,oxford_only,,C1,,
satisfaction,oxford_only,,B2,,
scan,oxford_only,,B1,,
scare,oxford_only,,B2,,
scared,oxford_only,,A2,,
scary,oxford_only,,A2,,
scattered,oxford_only,,C1,,
sceptical,oxford_only,,C1,,
scream,oxford_only,,B2,,
screening,oxford_only,,B2,,
sculpture,oxford_only,,B1,,
season,oxford_only,,A2,,
secular,oxford_only,,C1,,
seemingly,oxford_only,,C1,,
select,oxford_only,,B2,,
seminar,oxford_only,,B2,,
sensitivity,oxford_only,,C1,,
series,oxford_only,,A2,,
settlement,oxford_only,,C1,,
settler,oxford_only,,B2,,
severe,oxford_only,,B2,,
severely,oxford_only,,B2,,
sexuality,oxford_only,,C1,,
sexy,oxford_only,,B2,,
shame,oxford_only,,B2,,
shaped,oxford_only,,B2,,
shareholder,oxford_only,,C1,,
shatter,oxford_only,,C1,,
shipping,oxford_only,,C1,,
shout,oxford_only,,A2,,
shrug,oxford_only,,C1,,
shut,oxford_only,,A2,,
sibling,oxford_only,,B2,,
sigh,oxford_only,,C1,,
significance,oxford_only,,B2,,
significantly,oxford_only,,B2,,
silly,oxford_only,,B1,,
similarity,oxford_only,,B1,,
similarly,oxford_only,,B1,,
situated,oxford_only,,C1,,
skip,oxford_only,,C1,,
skull,oxford_only,,B2,,
slap,oxford_only,,C1,,
sleep,oxford_only,,A2,,
slogan,oxford_only,,B2,,
slot,oxford_only,,C1,,
smartphone,oxford_only,,A2,,
soak,oxford_only,,C1,,
soar,oxford_only,,C1,,
socialist,oxford_only,,C1,,
soil,oxford_only,,B1,,
solar,oxford_only,,B2,,
solely,oxford_only,,C1,,
solicitor,oxford_only,,C1,,
solidarity,oxford_only,,C1,,
somebody,oxford_only,,A1,,
somehow,oxford_only,,B2,,
sometime,oxford_only,,B2,,
southern,oxford_only,,B1,,
sovereignty,oxford_only,,C1,,
spam,oxford_only,,C1,,
span,oxford_only,,C1,,
specialize,oxford_only,,B2,,
specialized,oxford_only,,C1,,
species,oxford_only,,B2,,
specify,oxford_only,,B2,,
spectator,oxford_only,,B2,,
spending,oxford_only,,B1,,
spice,oxford_only,,B2,,
spicy,oxford_only,,B1,,
spine,oxford_only,,C1,,
spoil,oxford_only,,B2,,
spoken,oxford_only,,B1,,
spokesman,oxford_only,,B2,,
spokesperson,oxford_only,,B2,,
spokeswoman,oxford_only,,B2,,
sporting,oxford_only,,B2,,
spotlight,oxford_only,,C1,,
spouse,oxford_only,,C1,,
squad,oxford_only,,C1,,
stab,oxford_only,,C1,,
stability,oxford_only,,C1,,
stadium,oxford_only,,B1,,
stair,oxford_only,,A2,,
stare,oxford_only,,B2,,
stark,oxford_only,,C1,,
starve,oxford_only,,B2,,
statistic,oxford_only,,B1,,
steadily,oxford_only,,B2,,
stem,oxford_only,,C1,,
stereotype,oxford_only,,C1,,
stimulate,oxford_only,,B2,,
stir,oxford_only,,C1,,
storage,oxford_only,,C1,,
straightforward,oxford_only,,C1,,
strategic,oxford_only,,C1,,
strengthen,oxford_only,,B2,,
stress,oxford_only,,A2,,
string,oxford_only,,B1,,
strive,oxford_only,,C1,,
stumble,oxford_only,,C1,,
stun,oxford_only,,C1,,
stunning,oxford_only,,B2,,
stupid,oxford_only,,A2,,
submission,oxford_only,,C1,,
submit,oxford_only,,B2,,
subscriber,oxford_only,,C1,,
subscription,oxford_only,,C1,,
subsequent,oxford_only,,B2,,
subsequently,oxford_only,,B2,,
suburb,oxford_only,,B2,,
successive,oxford_only,,C1,,
successor,oxford_only,,C1,,
suck,oxford_only,,C1,,
suite,oxford_only,,C1,,
summarize,oxford_only,,B1,,
supporter,oxford_only,,B1,,
supportive,oxford_only,,C1,,
suppose,oxford_only,,A2,,
supposedly,oxford_only,,C1,,
supreme,oxford_only,,C1,,
surely,oxford_only,,B1,,
surgical,oxford_only,,C1,,
swear,oxford_only,,B2,,
sweater,oxford_only,,A1,,
sword,oxford_only,,C1,,
symbolic,oxford_only,,C1,,
symptom,oxford_only,,B1,,
syndrome,oxford_only,,C1,,
systematic,oxford_only,,C1,,
tablet,oxford_only,,A2,,
tactic,oxford_only,,C1,,
tactical,oxford_only,,C1,,
talk,oxford_only,,A2,,
taxpayer,oxford_only,,C1,,
technological,oxford_only,,B2,,
teens,oxford_only,,B2,,
tempt,oxford_only,,C1,,
tenant,oxford_only,,C1,,
tendency,oxford_only,,B2,,
tenure,oxford_only,,C1,,
terminate,oxford_only,,C1,,
terms,oxford_only,,B2,,
terribly,oxford_only,,B2,,
terrific,oxford_only,,C1,,
terrify,oxford_only,,B2,,
terrorism,oxford_only,,B2,,
testify,oxford_only,,C1,,
testing,oxford_only,,B2,,
texture,oxford_only,,C1,,
thankfully,oxford_only,,C1,,
theatrical,oxford_only,,C1,,
theology,oxford_only,,C1,,
theoretical,oxford_only,,C1,,
therapist,oxford_only,,B2,,
therapy,oxford_only,,B2,,
thereafter,oxford_only,,C1,,
thief,oxford_only,,A2,,
thinking,oxford_only,,A2,,
thirsty,oxford_only,,A1,,
thorough,oxford_only,,B2,,
thrilled,oxford_only,,C1,,
thrive,oxford_only,,C1,,
throat,oxford_only,,B1,,
thumb,oxford_only,,B2,,
tighten,oxford_only,,C1,,
timber,oxford_only,,C1,,
timely,oxford_only,,C1,,
tin,oxford_only,,B1,,
tissue,oxford_only,,B2,,
tolerance,oxford_only,,C1,,
tourism,oxford_only,,A2,,
tournament,oxford_only,,B2,,
toxic,oxford_only,,C1,,
trademark,oxford_only,,C1,,
trading,oxford_only,,B2,,
trailer,oxford_only,,C1,,
transaction,oxford_only,,C1,,
transcript,oxford_only,,C1,,
transform,oxford_only,,B2,,
translate,oxford_only,,B1,,
transparent,oxford_only,,C1,,
treaty,oxford_only,,C1,,
trend,oxford_only,,B1,,
tribal,oxford_only,,C1,,
tribunal,oxford_only,,C1,,
tribute,oxford_only,,C1,,
trillion,oxford_only,,B2,,
trio,oxford_only,,C1,,
troop,oxford_only,,B2,,
trophy,oxford_only,,C1,,
tropical,oxford_only,,B2,,
troubled,oxford_only,,C1,,
trustee,oxford_only,,C1,,
tsunami,oxford_only,,B2,,
tuition,oxford_only,,C1,,
turnout,oxford_only,,C1,,
turnover,oxford_only,,C1,,
typically,oxford_only,,B1,,
tyre,oxford_only,,B1,,
uncertainty,oxford_only,,B2,,
undergo,oxford_only,,B2,,
underlying,oxford_only,,C1,,
understanding,oxford_only,,A2,,
underwear,oxford_only,,B1,,
unfold,oxford_only,,B2,,
unfortunate,oxford_only,,B2,,
unify,oxford_only,,C1,,
union,oxford_only,,B1,,
unprecedented,oxford_only,,C1,,
upcoming,oxford_only,,C1,,
update,oxford_only,,B1,,
upgrade,oxford_only,,C1,,
uphold,oxford_only,,C1,,
upstairs,oxford_only,,A2,,
upwards,oxford_only,,B2,,
usage,oxford_only,,B2,,
useless,oxford_only,,B2,,
user,oxford_only,,A2,,
utilize,oxford_only,,C1,,
vacuum,oxford_only,,C1,,
valuable,oxford_only,,B1,,
vanish,oxford_only,,C1,,
variable,oxford_only,,C1,,
vary,oxford_only,,B2,,
venue,oxford_only,,B2,,
verify,oxford_only,,C1,,
vibrant,oxford_only,,C1,,
viewpoint,oxford_only,,B2,,
villager,oxford_only,,C1,,
violation,oxford_only,,C1,,
virtual,oxford_only,,B2,,
virus,oxford_only,,A2,,
visa,oxford_only,,B2,,
vital,oxford_only,,B2,,
vitamin,oxford_only,,B2,,
vocal,oxford_only,,C1,,
voting,oxford_only,,B2,,
vow,oxford_only,,C1,,
vulnerability,oxford_only,,C1,,
vulnerable,oxford_only,,C1,,
wait,oxford_only,,A2,,
waiter,oxford_only,,A1,,
ward,oxford_only,,C1,,
warehouse,oxford_only,,C1,,
warfare,oxford_only,,C1,,
warming,oxford_only,,B2,,
warn,oxford_only,,B1,,
warning,oxford_only,,B1,,
warrant,oxford_only,,C1,,
washing,oxford_only,,A2,,
weaken,oxford_only,,C1,,
weird,oxford_only,,B2,,
whatsoever,oxford_only,,C1,,
whip,oxford_only,,C1,,
whisper,oxford_only,,B2,,
whoever,oxford_only,,B2,,
wholly,oxford_only,,C1,,
widen,oxford_only,,C1,,
widespread,oxford_only,,B2,,
widow,oxford_only,,C1,,
width,oxford_only,,C1,,
wildlife,oxford_only,,B2,,
willingness,oxford_only,,C1,,
wonder,oxford_only,,B1,,
workforce,oxford_only,,B2,,
workout,oxford_only,,C1,,
workplace,oxford_only,,B2,,
worthwhile,oxford_only,,C1,,
wow,oxford_only,,A2,,
wrap,oxford_only,,B2,,
yeah,oxford_only,,A1,,
yell,oxford_only,,C1,,
youngster,oxford_only,,C1,,
zero,oxford_only,,A2,,
